{"type":"FeatureCollection","features":[{"type":"Feature","properties":{"state":"Johor","district":"Batu Pahat","code_state":1,"code_district":1,"code_state_district":"1_1"},"geometry":{"type":"MultiPolygon","coordinates":[[[[102.994,2.181],[103.167,2.151],[103.172,2.099],[103.253,1.988],[103.186,1.931],[103.205,1.902],[103.188,1.784],[103.227,1.766],[103.188,1.624],[103.052,1.715],[102.939,1.739],[102.884,1.785],[102.894,1.82],[102.777,1.866],[102.799,1.958],[102.873,2.086],[102.961,2.202],[102.984,2.186],[102.994,2.181]]]]}},{"type":"Feature","properties":{"state":"Johor","district":"Johor Bahru","code_state":1,"code_district":2,"code_state_district":"1_2"},"geometry":{"type":"MultiPolygon","coordinates":[[[[103.785,1.47],[103.672,1.428],[103.608,1.288],[103.541,1.354],[103.552,1.465],[103.58,1.48],[103.576,1.525],[103.542,1.522],[103.555,1.549],[103.614,1.566],[103.661,1.545],[103.652,1.591],[103.737,1.64],[103.726,1.661],[103.744,1.671],[103.848,1.599],[103.895,1.619],[103.879,1.631],[103.902,1.671],[103.975,1.643],[103.973,1.617],[103.974,1.611],[104.022,1.551],[104.029,1.442],[104.022,1.439],[104.001,1.42],[103.896,1.428],[103.837,1.471],[103.785,1.47]]]]}},{"type":"Feature","properties":{"state":"Johor","district":"Kluang","code_state":1,"code_district":3,"code_state_district":"1_3"},"geometry":{"type":"MultiPolygon","coordinates":[[[[103.536,2.339],[103.63,2.374],[103.633,2.279],[103.621,2.278],[103.615,2.272],[103.561,2.044],[103.568,1.94],[103.55,1.939],[103.551,1.905],[103.549,1.904],[103.639,1.795],[103.483,1.806],[103.423,1.782],[103.403,1.765],[103.363,1.71],[103.189,1.783],[103.205,1.902],[103.186,1.931],[103.253,1.988],[103.172,2.099],[103.167,2.151],[103.105,2.167],[103.106,2.216],[103.302,2.303],[103.382,2.38],[103.425,2.387],[103.473,2.388],[103.536,2.339]],[[103.3,1.826],[103.3,1.826]]]]}},{"type":"Feature","properties":{"state":"Johor","district":"Kota Tinggi","code_state":1,"code_district":4,"code_state_district":"1_4"},"geometry":{"type":"MultiPolygon","coordinates":[[[[104.283,1.368],[104.2,1.336],[104.088,1.368],[104.113,1.398],[104.083,1.433],[104.029,1.442],[104.022,1.551],[103.974,1.611],[103.973,1.617],[103.975,1.643],[103.902,1.671],[103.879,1.631],[103.895,1.619],[103.867,1.597],[103.778,1.64],[103.767,1.669],[103.744,1.671],[103.726,1.661],[103.618,1.836],[103.549,1.904],[103.551,1.905],[103.55,1.939],[103.568,1.94],[103.561,2.044],[104.064,2.044],[104.13,1.927],[104.11,1.925],[104.105,1.904],[104.106,1.886],[104.135,1.847],[104.161,1.847],[104.264,1.61],[104.255,1.562],[104.297,1.445],[104.276,1.425],[104.283,1.368]]]]}},{"type":"Feature","properties":{"state":"Johor","district":"Mersing","code_state":1,"code_district":5,"code_state_district":"1_5"},"geometry":{"type":"MultiPolygon","coordinates":[[[[103.666,2.657],[103.718,2.632],[103.754,2.65],[103.76,2.615],[103.814,2.588],[103.846,2.508],[103.818,2.493],[103.837,2.444],[103.959,2.315],[103.981,2.257],[103.959,2.244],[103.961,2.204],[104.064,2.044],[103.561,2.044],[103.615,2.272],[103.621,2.278],[103.633,2.279],[103.63,2.374],[103.536,2.339],[103.473,2.388],[103.425,2.387],[103.381,2.379],[103.289,2.578],[103.355,2.59],[103.608,2.458],[103.638,2.487],[103.623,2.533],[103.59,2.531],[103.625,2.603],[103.611,2.651],[103.597,2.631],[103.587,2.652],[103.666,2.657]]],[[[104.113,2.316],[104.145,2.288],[104.1,2.295],[104.094,2.316],[104.113,2.316]]],[[[104.523,2.461],[104.538,2.439],[104.517,2.428],[104.497,2.462],[104.523,2.461]]],[[[104.326,2.596],[104.341,2.563],[104.313,2.583],[104.326,2.596]]],[[[103.977,2.458],[103.993,2.424],[103.977,2.458]]],[[[104.058,2.236],[104.085,2.199],[104.058,2.236]]],[[[104.501,2.479],[104.501,2.479]]],[[[103.848,2.484],[103.848,2.484]]],[[[103.954,2.495],[103.954,2.495]]],[[[103.963,2.48],[103.963,2.48]]],[[[104.097,2.191],[104.097,2.191]]],[[[103.979,2.52],[103.979,2.52]]],[[[104.548,2.435],[104.548,2.435]]],[[[103.946,2.565],[103.946,2.565]]],[[[104.15,2.306],[104.15,2.306]]],[[[104.148,2.223],[104.148,2.223]]],[[[103.96,2.554],[103.96,2.554]]],[[[104.486,2.46],[104.486,2.46]]],[[[104.129,2.268],[104.129,2.268]]],[[[104.152,2.264],[104.152,2.264]]],[[[103.972,2.535],[103.972,2.535]]],[[[104.109,2.175],[104.109,2.175]]],[[[104.239,2.121],[104.239,2.121]]],[[[104.144,2.226],[104.144,2.226]]],[[[104.172,2.197],[104.172,2.197]]],[[[104.124,2.27],[104.124,2.27]]],[[[103.879,2.658],[103.879,2.658]]],[[[104.106,2.183],[104.106,2.183]]],[[[103.887,2.648],[103.887,2.648]]],[[[104.146,2.303],[104.146,2.303]]],[[[104.126,2.277],[104.126,2.277]]],[[[104.173,2.192],[104.173,2.192]]],[[[103.883,2.655],[103.883,2.655]]],[[[104.089,2.192],[104.089,2.192]]],[[[103.974,2.529],[103.974,2.529]]],[[[104.153,2.263],[104.153,2.263]]]]}},{"type":"Feature","properties":{"state":"Johor","district":"Muar","code_state":1,"code_district":6,"code_state_district":"1_6"},"geometry":{"type":"MultiPolygon","coordinates":[[[[102.861,2.408],[103.024,2.303],[102.799,1.958],[102.777,1.866],[102.713,1.853],[102.549,2.028],[102.573,2.057],[102.553,2.082],[102.574,2.105],[102.602,2.096],[102.582,2.108],[102.6,2.149],[102.622,2.146],[102.61,2.114],[102.645,2.13],[102.643,2.159],[102.677,2.143],[102.661,2.172],[102.703,2.207],[102.711,2.174],[102.776,2.204],[102.774,2.236],[102.807,2.244],[102.792,2.261],[102.813,2.279],[102.788,2.305],[102.861,2.408]]]]}},{"type":"Feature","properties":{"state":"Johor","district":"Pontian","code_state":1,"code_district":7,"code_state_district":"1_7"},"geometry":{"type":"MultiPolygon","coordinates":[[[[103.541,1.327],[103.508,1.264],[103.441,1.324],[103.362,1.537],[103.273,1.599],[103.188,1.624],[103.227,1.766],[103.364,1.71],[103.509,1.58],[103.523,1.532],[103.576,1.525],[103.579,1.476],[103.552,1.465],[103.539,1.403],[103.541,1.327]]],[[[103.423,1.304],[103.418,1.338],[103.438,1.323],[103.423,1.304]]]]}},{"type":"Feature","properties":{"state":"Johor","district":"Segamat","code_state":1,"code_district":8,"code_state_district":"1_8"},"geometry":{"type":"MultiPolygon","coordinates":[[[[102.933,2.636],[102.972,2.594],[103.077,2.553],[103.148,2.52],[103.289,2.578],[103.381,2.379],[103.302,2.303],[103.151,2.251],[103.15,2.244],[103.106,2.216],[103.105,2.167],[103.041,2.17],[102.961,2.202],[103.024,2.303],[102.958,2.335],[102.909,2.393],[102.859,2.414],[102.816,2.368],[102.767,2.415],[102.715,2.429],[102.682,2.396],[102.671,2.423],[102.653,2.41],[102.629,2.431],[102.607,2.564],[102.637,2.595],[102.624,2.625],[102.7,2.832],[102.794,2.803],[102.933,2.636]]]]}},{"type":"Feature","properties":{"state":"Johor","district":"Kulai","code_state":1,"code_district":9,"code_state_district":"1_9"},"geometry":{"type":"MultiPolygon","coordinates":[[[[103.502,1.807],[103.639,1.795],[103.666,1.76],[103.737,1.64],[103.652,1.591],[103.661,1.545],[103.577,1.562],[103.541,1.522],[103.509,1.58],[103.363,1.71],[103.403,1.765],[103.43,1.787],[103.502,1.807]]]]}},{"type":"Feature","properties":{"state":"Johor","district":"Tangkak","code_state":1,"code_district":10,"code_state_district":"1_10"},"geometry":{"type":"MultiPolygon","coordinates":[[[[102.632,2.462],[102.653,2.41],[102.671,2.423],[102.682,2.396],[102.715,2.429],[102.767,2.415],[102.832,2.349],[102.787,2.304],[102.813,2.279],[102.792,2.261],[102.807,2.244],[102.773,2.235],[102.78,2.208],[102.711,2.174],[102.703,2.207],[102.661,2.172],[102.677,2.143],[102.643,2.159],[102.645,2.13],[102.613,2.114],[102.622,2.146],[102.596,2.147],[102.582,2.108],[102.602,2.096],[102.574,2.105],[102.553,2.082],[102.564,2.046],[102.489,2.099],[102.54,2.14],[102.468,2.201],[102.496,2.224],[102.511,2.349],[102.54,2.388],[102.592,2.405],[102.615,2.476],[102.632,2.479],[102.632,2.462]],[[102.536,2.273],[102.536,2.273]]]]}},{"type":"Feature","properties":{"state":"Kedah","district":"Baling","code_state":2,"code_district":1,"code_state_district":"2_1"},"geometry":{"type":"MultiPolygon","coordinates":[[[[101.11,6.043],[101.122,5.984],[101.086,5.917],[101.028,5.918],[100.991,5.786],[100.943,5.765],[100.982,5.722],[100.966,5.649],[100.942,5.651],[100.925,5.619],[100.946,5.582],[100.928,5.508],[100.885,5.496],[100.867,5.429],[100.815,5.395],[100.729,5.415],[100.679,5.546],[100.639,5.567],[100.603,5.551],[100.623,5.612],[100.664,5.634],[100.653,5.736],[100.698,5.685],[100.74,5.718],[100.802,5.722],[100.855,5.717],[100.874,5.692],[100.889,5.734],[100.858,5.767],[100.882,5.798],[100.897,5.916],[100.872,5.994],[100.96,6.041],[101.11,6.043]]]]}},{"type":"Feature","properties":{"state":"Kedah","district":"Bandar Baharu","code_state":2,"code_district":2,"code_state_district":"2_2"},"geometry":{"type":"MultiPolygon","coordinates":[[[[100.712,5.333],[100.738,5.308],[100.731,5.266],[100.692,5.245],[100.625,5.136],[100.566,5.079],[100.517,5.095],[100.497,5.14],[100.553,5.144],[100.539,5.249],[100.567,5.263],[100.632,5.239],[100.643,5.281],[100.652,5.264],[100.688,5.289],[100.689,5.327],[100.712,5.333]]]]}},{"type":"Feature","properties":{"state":"Kedah","district":"Kota Setar","code_state":2,"code_district":3,"code_state_district":"2_3"},"geometry":{"type":"MultiPolygon","coordinates":[[[[100.356,6.224],[100.42,6.2],[100.456,6.217],[100.471,6.19],[100.439,6.131],[100.474,6.084],[100.461,6.052],[100.389,6.04],[100.412,5.973],[100.348,5.979],[100.259,6.184],[100.282,6.224],[100.346,6.232],[100.356,6.224]],[[100.35,6.124],[100.35,6.124]]]]}},{"type":"Feature","properties":{"state":"Kedah","district":"Kuala Muda","code_state":2,"code_district":4,"code_state_district":"2_4"},"geometry":{"type":"MultiPolygon","coordinates":[[[[100.479,5.888],[100.48,5.863],[100.521,5.871],[100.626,5.83],[100.622,5.802],[100.659,5.767],[100.664,5.634],[100.623,5.612],[100.611,5.563],[100.574,5.532],[100.537,5.564],[100.526,5.554],[100.523,5.549],[100.338,5.58],[100.333,5.662],[100.381,5.678],[100.352,5.718],[100.392,5.718],[100.479,5.888]]]]}},{"type":"Feature","properties":{"state":"Kedah","district":"Kubang Pasu","code_state":2,"code_district":5,"code_state_district":"2_5"},"geometry":{"type":"MultiPolygon","coordinates":[[[[100.381,6.54],[100.424,6.518],[100.493,6.523],[100.513,6.49],[100.563,6.495],[100.601,6.468],[100.591,6.431],[100.5,6.348],[100.529,6.294],[100.522,6.263],[100.466,6.233],[100.471,6.211],[100.42,6.2],[100.346,6.232],[100.292,6.226],[100.259,6.184],[100.199,6.257],[100.202,6.284],[100.364,6.454],[100.381,6.54]]]]}},{"type":"Feature","properties":{"state":"Kedah","district":"Kulim","code_state":2,"code_district":6,"code_state_district":"2_6"},"geometry":{"type":"MultiPolygon","coordinates":[[[[100.64,5.566],[100.681,5.544],[100.729,5.415],[100.798,5.414],[100.812,5.394],[100.867,5.429],[100.849,5.351],[100.782,5.311],[100.689,5.327],[100.688,5.289],[100.652,5.264],[100.643,5.281],[100.632,5.239],[100.567,5.263],[100.539,5.249],[100.525,5.369],[100.529,5.556],[100.567,5.531],[100.64,5.566]]]]}},{"type":"Feature","properties":{"state":"Kedah","district":"Langkawi","code_state":2,"code_district":7,"code_state_district":"2_7"},"geometry":{"type":"MultiPolygon","coordinates":[[[[99.825,6.477],[99.897,6.406],[99.888,6.378],[99.91,6.391],[99.914,6.333],[99.864,6.292],[99.847,6.323],[99.807,6.318],[99.729,6.258],[99.718,6.353],[99.653,6.362],[99.641,6.434],[99.733,6.431],[99.73,6.397],[99.747,6.43],[99.792,6.424],[99.829,6.459],[99.845,6.444],[99.825,6.477]]],[[[99.834,6.294],[99.814,6.165],[99.768,6.216],[99.834,6.294]]],[[[99.848,6.262],[99.854,6.21],[99.821,6.232],[99.848,6.262]]],[[[99.745,6.221],[99.725,6.176],[99.721,6.206],[99.745,6.221]]],[[[99.894,6.443],[99.907,6.413],[99.882,6.429],[99.894,6.443]]],[[[99.927,6.322],[99.922,6.292],[99.883,6.31],[99.927,6.322]]],[[[99.714,6.23],[99.717,6.213],[99.714,6.23]]],[[[99.697,6.303],[99.688,6.289],[99.697,6.303]]],[[[99.915,6.423],[99.913,6.399],[99.915,6.423]]],[[[99.867,6.284],[99.867,6.284]]],[[[99.941,6.309],[99.941,6.309]]],[[[99.723,6.241],[99.723,6.241]]],[[[99.722,6.269],[99.722,6.269]]],[[[99.873,6.273],[99.873,6.273]]],[[[99.785,6.183],[99.785,6.183]]],[[[99.778,6.173],[99.778,6.173]]],[[[99.798,6.156],[99.798,6.156]]],[[[99.762,6.209],[99.762,6.209]]],[[[99.769,6.203],[99.769,6.203]]],[[[99.895,6.411],[99.895,6.411]]],[[[99.788,6.17],[99.788,6.17]]],[[[99.815,6.165],[99.815,6.165]]],[[[99.933,6.304],[99.933,6.304]]],[[[99.711,6.291],[99.711,6.291]]],[[[99.885,6.263],[99.885,6.263]]],[[[99.775,6.165],[99.775,6.165]]],[[[99.756,6.261],[99.756,6.261]]],[[[99.877,6.241],[99.877,6.241]]],[[[99.674,6.435],[99.674,6.435]]],[[[99.802,6.158],[99.802,6.158]]],[[[99.874,6.236],[99.874,6.236]]],[[[99.672,6.357],[99.672,6.357]]],[[[99.713,6.24],[99.713,6.24]]],[[[99.73,6.402],[99.73,6.402]]],[[[99.887,6.299],[99.887,6.299]]],[[[99.831,6.204],[99.831,6.204]]],[[[99.779,6.164],[99.779,6.164]]],[[[99.881,6.295],[99.881,6.295]]],[[[99.758,6.221],[99.758,6.221]]],[[[99.75,6.23],[99.75,6.23]]],[[[99.772,6.255],[99.772,6.255]]],[[[99.812,6.165],[99.812,6.165]]],[[[99.843,6.191],[99.843,6.191]]],[[[99.843,6.188],[99.843,6.188]]],[[[99.873,6.233],[99.873,6.233]]],[[[99.835,6.21],[99.835,6.21]]],[[[99.869,6.295],[99.869,6.295]]],[[[99.88,6.268],[99.88,6.268]]],[[[99.732,6.172],[99.732,6.172]]],[[[99.895,6.273],[99.895,6.273]]],[[[99.744,6.25],[99.744,6.25]]],[[[99.834,6.187],[99.834,6.187]]],[[[99.875,6.271],[99.875,6.271]]],[[[99.776,6.165],[99.776,6.165]]],[[[99.869,6.291],[99.869,6.291]]],[[[99.837,6.186],[99.837,6.186]]],[[[99.842,6.19],[99.842,6.19]]],[[[99.743,6.256],[99.743,6.256]]],[[[99.87,6.243],[99.87,6.243]]],[[[99.845,6.192],[99.845,6.192]]]]}},{"type":"Feature","properties":{"state":"Kedah","district":"Padang Terap","code_state":2,"code_district":8,"code_state_district":"2_8"},"geometry":{"type":"MultiPolygon","coordinates":[[[[100.744,6.474],[100.812,6.444],[100.86,6.172],[100.805,6.159],[100.786,6.063],[100.738,6.041],[100.717,5.958],[100.684,5.975],[100.701,5.998],[100.66,6.031],[100.639,6.137],[100.596,6.165],[100.583,6.228],[100.544,6.192],[100.53,6.212],[100.51,6.257],[100.529,6.294],[100.5,6.348],[100.559,6.392],[100.605,6.471],[100.655,6.443],[100.736,6.51],[100.744,6.474]]]]}},{"type":"Feature","properties":{"state":"Kedah","district":"Sik","code_state":2,"code_district":9,"code_state_district":"2_9"},"geometry":{"type":"MultiPolygon","coordinates":[[[[100.996,6.263],[101.032,6.244],[101.113,6.251],[101.126,6.193],[101.058,6.142],[101.122,6.11],[101.108,6.065],[100.96,6.041],[100.872,5.994],[100.897,5.916],[100.882,5.798],[100.858,5.767],[100.889,5.734],[100.874,5.692],[100.855,5.717],[100.802,5.722],[100.687,5.69],[100.626,5.83],[100.604,5.828],[100.614,5.894],[100.676,5.972],[100.718,5.959],[100.738,6.041],[100.786,6.063],[100.805,6.159],[100.857,6.158],[100.852,6.23],[100.874,6.264],[100.9,6.233],[100.946,6.243],[100.968,6.284],[100.996,6.263]]]]}},{"type":"Feature","properties":{"state":"Kedah","district":"Yan","code_state":2,"code_district":10,"code_state_district":"2_10"},"geometry":{"type":"MultiPolygon","coordinates":[[[[100.39,5.977],[100.428,5.967],[100.456,5.925],[100.469,5.842],[100.392,5.718],[100.378,5.716],[100.361,5.715],[100.349,5.972],[100.39,5.977]]],[[[100.33,5.877],[100.32,5.874],[100.312,5.874],[100.33,5.877]]],[[[100.281,5.744],[100.281,5.744]]],[[[100.29,5.809],[100.29,5.809]]],[[[100.278,5.769],[100.278,5.769]]],[[[100.273,5.799],[100.273,5.799]]],[[[100.335,5.877],[100.335,5.877]]]]}},{"type":"Feature","properties":{"state":"Kedah","district":"Pendang","code_state":2,"code_district":11,"code_state_district":"2_11"},"geometry":{"type":"MultiPolygon","coordinates":[[[[100.612,6.121],[100.644,6.114],[100.66,6.031],[100.7,5.994],[100.614,5.894],[100.603,5.84],[100.521,5.871],[100.48,5.863],[100.48,5.893],[100.478,5.9],[100.462,5.865],[100.456,5.925],[100.389,6.04],[100.445,6.041],[100.476,6.082],[100.517,6.077],[100.543,6.108],[100.612,6.121]]]]}},{"type":"Feature","properties":{"state":"Kedah","district":"Pokok Sena","code_state":2,"code_district":12,"code_state_district":"2_12"},"geometry":{"type":"MultiPolygon","coordinates":[[[[100.511,6.254],[100.544,6.192],[100.583,6.228],[100.596,6.165],[100.64,6.114],[100.609,6.124],[100.543,6.108],[100.517,6.077],[100.461,6.082],[100.439,6.131],[100.472,6.184],[100.47,6.194],[100.459,6.211],[100.511,6.254]]]]}},{"type":"Feature","properties":{"state":"Kelantan","district":"Bachok","code_state":3,"code_district":1,"code_state_district":"3_1"},"geometry":{"type":"MultiPolygon","coordinates":[[[[102.346,6.166],[102.468,5.917],[102.403,5.885],[102.345,5.943],[102.281,5.937],[102.333,5.981],[102.341,6.012],[102.316,6.043],[102.347,6.064],[102.305,6.103],[102.335,6.113],[102.346,6.166]]]]}},{"type":"Feature","properties":{"state":"Kelantan","district":"Kota Bharu","code_state":3,"code_district":2,"code_state_district":"3_2"},"geometry":{"type":"MultiPolygon","coordinates":[[[[102.339,6.161],[102.335,6.113],[102.305,6.102],[102.347,6.064],[102.316,6.043],[102.341,6.012],[102.333,5.98],[102.279,5.953],[102.264,5.887],[102.237,5.889],[102.197,5.914],[102.206,5.974],[102.145,6.037],[102.221,6.069],[102.249,6.171],[102.222,6.225],[102.339,6.161]]]]}},{"type":"Feature","properties":{"state":"Kelantan","district":"Machang","code_state":3,"code_district":3,"code_state_district":"3_3"},"geometry":{"type":"MultiPolygon","coordinates":[[[[102.433,5.749],[102.356,5.669],[102.202,5.671],[102.193,5.636],[102.113,5.641],[102.106,5.667],[102.108,5.689],[102.146,5.693],[102.152,5.786],[102.197,5.914],[102.28,5.879],[102.278,5.816],[102.303,5.807],[102.311,5.759],[102.374,5.742],[102.373,5.766],[102.399,5.773],[102.394,5.749],[102.433,5.749]]]]}},{"type":"Feature","properties":{"state":"Kelantan","district":"Pasir Mas","code_state":3,"code_district":4,"code_state_district":"3_4"},"geometry":{"type":"MultiPolygon","coordinates":[[[[102.091,6.154],[102.22,6.089],[102.206,6.052],[102.145,6.036],[102.206,5.974],[102.182,5.887],[102.145,5.907],[102.031,5.896],[101.973,5.936],[101.938,5.907],[101.937,5.891],[101.92,5.915],[101.944,5.987],[102.054,6.081],[102.091,6.154]]]]}},{"type":"Feature","properties":{"state":"Kelantan","district":"Pasir Puteh","code_state":3,"code_district":5,"code_state_district":"3_5"},"geometry":{"type":"MultiPolygon","coordinates":[[[[102.468,5.917],[102.537,5.847],[102.488,5.791],[102.426,5.744],[102.394,5.749],[102.399,5.773],[102.373,5.766],[102.374,5.742],[102.311,5.759],[102.303,5.807],[102.278,5.816],[102.27,5.931],[102.345,5.943],[102.403,5.885],[102.468,5.917]]]]}},{"type":"Feature","properties":{"state":"Kelantan","district":"Tanah Merah","code_state":3,"code_district":6,"code_state_district":"3_6"},"geometry":{"type":"MultiPolygon","coordinates":[[[[102.033,5.896],[102.145,5.907],[102.182,5.882],[102.146,5.693],[102.109,5.69],[102.098,5.599],[102.053,5.582],[102.017,5.514],[101.97,5.54],[101.944,5.611],[101.976,5.655],[101.97,5.721],[101.936,5.719],[101.878,5.826],[101.929,5.853],[101.938,5.907],[101.972,5.936],[102.033,5.896]]]]}},{"type":"Feature","properties":{"state":"Kelantan","district":"Tumpat","code_state":3,"code_district":7,"code_state_district":"3_7"},"geometry":{"type":"MultiPolygon","coordinates":[[[[102.221,6.219],[102.249,6.171],[102.22,6.089],[102.078,6.171],[102.087,6.244],[102.167,6.22],[102.127,6.216],[102.161,6.202],[102.221,6.219]]]]}},{"type":"Feature","properties":{"state":"Kelantan","district":"Gua Musang","code_state":3,"code_district":8,"code_state_district":"3_8"},"geometry":{"type":"MultiPolygon","coordinates":[[[[101.819,4.752],[101.842,4.896],[101.799,4.942],[101.815,4.99],[101.793,4.974],[101.769,4.997],[101.782,4.944],[101.753,4.939],[101.577,4.937],[101.492,4.968],[101.441,4.992],[101.466,5.005],[101.492,5.084],[101.524,5.278],[101.549,5.271],[101.571,5.297],[101.61,5.394],[101.674,5.352],[101.74,5.385],[101.742,5.439],[101.791,5.363],[101.828,5.287],[102.012,5.187],[102.14,5.175],[102.132,5.256],[102.293,5.256],[102.349,5.294],[102.419,5.3],[102.414,5.182],[102.528,5.109],[102.499,5.074],[102.519,5.026],[102.498,5.006],[102.522,4.959],[102.508,4.901],[102.573,4.893],[102.65,4.847],[102.667,4.781],[102.657,4.759],[102.602,4.77],[102.604,4.687],[102.549,4.709],[102.502,4.667],[102.449,4.712],[102.381,4.712],[102.345,4.64],[102.271,4.663],[102.224,4.628],[102.175,4.658],[102.115,4.761],[102.049,4.725],[101.964,4.764],[101.943,4.666],[101.903,4.609],[101.889,4.671],[101.847,4.687],[101.819,4.752]]]]}},{"type":"Feature","properties":{"state":"Kelantan","district":"Kuala Krai","code_state":3,"code_district":9,"code_state_district":"3_9"},"geometry":{"type":"MultiPolygon","coordinates":[[[[102.382,5.681],[102.411,5.543],[102.383,5.517],[102.406,5.442],[102.388,5.41],[102.445,5.362],[102.419,5.299],[102.349,5.294],[102.293,5.256],[102.132,5.256],[102.14,5.175],[102.012,5.187],[101.828,5.287],[101.791,5.363],[101.885,5.35],[101.907,5.35],[101.978,5.424],[101.995,5.531],[102.031,5.52],[102.045,5.572],[102.087,5.587],[102.111,5.64],[102.16,5.653],[102.17,5.63],[102.194,5.637],[102.192,5.67],[102.279,5.655],[102.382,5.681]]]]}},{"type":"Feature","properties":{"state":"Kelantan","district":"Jeli","code_state":3,"code_district":10,"code_state_district":"3_10"},"geometry":{"type":"MultiPolygon","coordinates":[[[[101.883,5.805],[101.936,5.719],[101.97,5.721],[101.976,5.655],[101.944,5.611],[101.966,5.546],[101.996,5.529],[101.978,5.424],[101.907,5.35],[101.885,5.35],[101.791,5.363],[101.742,5.439],[101.743,5.54],[101.66,5.543],[101.677,5.623],[101.643,5.643],[101.646,5.702],[101.68,5.738],[101.675,5.791],[101.707,5.811],[101.76,5.797],[101.817,5.733],[101.839,5.79],[101.883,5.805]]]]}},{"type":"Feature","properties":{"state":"Kelantan","district":"Kecil Lojing","code_state":3,"code_district":11,"code_state_district":"3_11"},"geometry":{"type":"MultiPolygon","coordinates":[[[[101.819,4.752],[101.777,4.753],[101.755,4.612],[101.727,4.622],[101.624,4.547],[101.52,4.613],[101.452,4.575],[101.413,4.615],[101.372,4.613],[101.335,4.681],[101.345,4.71],[101.387,4.717],[101.374,4.759],[101.413,4.801],[101.402,4.842],[101.446,4.858],[101.454,4.922],[101.422,4.984],[101.441,4.992],[101.492,4.968],[101.577,4.937],[101.753,4.939],[101.782,4.944],[101.769,4.997],[101.793,4.974],[101.815,4.99],[101.799,4.942],[101.842,4.896],[101.819,4.752]]]]}},{"type":"Feature","properties":{"state":"Melaka","district":"Alor Gajah","code_state":4,"code_district":1,"code_state_district":"4_1"},"geometry":{"type":"MultiPolygon","coordinates":[[[[102.201,2.481],[102.274,2.457],[102.319,2.479],[102.362,2.488],[102.331,2.282],[102.242,2.278],[102.263,2.301],[102.239,2.337],[102.236,2.296],[102.208,2.316],[102.095,2.287],[102.054,2.342],[101.972,2.374],[102.03,2.439],[102.048,2.42],[102.063,2.456],[102.139,2.456],[102.174,2.498],[102.201,2.481]]],[[[101.86,2.414],[101.854,2.4],[101.86,2.414]]]]}},{"type":"Feature","properties":{"state":"Melaka","district":"Jasin","code_state":4,"code_district":2,"code_state_district":"4_2"},"geometry":{"type":"MultiPolygon","coordinates":[[[[102.417,2.469],[102.592,2.405],[102.54,2.388],[102.511,2.349],[102.496,2.224],[102.468,2.2],[102.53,2.168],[102.54,2.14],[102.489,2.099],[102.336,2.155],[102.399,2.212],[102.39,2.245],[102.313,2.23],[102.359,2.368],[102.339,2.431],[102.362,2.488],[102.417,2.469]]]]}},{"type":"Feature","properties":{"state":"Melaka","district":"Melaka Tengah","code_state":4,"code_district":3,"code_state_district":"4_3"},"geometry":{"type":"MultiPolygon","coordinates":[[[[102.247,2.332],[102.263,2.301],[102.242,2.278],[102.331,2.282],[102.314,2.229],[102.394,2.242],[102.374,2.176],[102.347,2.184],[102.319,2.156],[102.196,2.218],[102.16,2.214],[102.088,2.289],[102.208,2.316],[102.236,2.296],[102.247,2.332]]],[[[102.328,2.115],[102.328,2.115]]],[[[102.336,2.073],[102.336,2.073]]],[[[102.332,2.081],[102.332,2.081]]],[[[102.333,2.047],[102.333,2.047]]],[[[102.316,2.12],[102.316,2.12]]],[[[102.306,2.079],[102.306,2.079]]],[[[102.319,2.152],[102.319,2.152]]],[[[102.34,2.116],[102.34,2.116]]],[[[102.32,2.112],[102.32,2.112]]],[[[102.335,2.049],[102.335,2.049]]]]}},{"type":"Feature","properties":{"state":"Negeri Sembilan","district":"Jelebu","code_state":5,"code_district":1,"code_state_district":"5_1"},"geometry":{"type":"MultiPolygon","coordinates":[[[[101.955,3.275],[101.985,3.238],[102.044,3.226],[102.058,3.168],[102.142,3.198],[102.293,3.137],[102.343,3.036],[102.351,2.961],[102.272,2.956],[102.238,2.905],[102.13,2.896],[102.073,2.833],[101.998,2.85],[101.983,2.931],[101.923,2.97],[101.941,3.019],[101.971,3.033],[101.946,3.227],[101.917,3.263],[101.938,3.29],[101.955,3.275]]]]}},{"type":"Feature","properties":{"state":"Negeri Sembilan","district":"Kuala Pilah","code_state":5,"code_district":2,"code_state_district":"5_2"},"geometry":{"type":"MultiPolygon","coordinates":[[[[102.224,2.905],[102.299,2.863],[102.29,2.83],[102.348,2.768],[102.389,2.783],[102.399,2.762],[102.353,2.698],[102.324,2.537],[102.205,2.541],[102.167,2.612],[102.116,2.642],[102.123,2.703],[102.09,2.709],[102.063,2.68],[102.047,2.696],[102.068,2.834],[102.13,2.896],[102.224,2.905]]]]}},{"type":"Feature","properties":{"state":"Negeri Sembilan","district":"Port Dickson","code_state":5,"code_district":3,"code_state_district":"5_3"},"geometry":{"type":"MultiPolygon","coordinates":[[[[101.78,2.722],[101.794,2.679],[101.794,2.67],[101.848,2.646],[101.864,2.669],[101.87,2.628],[101.91,2.625],[101.932,2.544],[101.981,2.551],[101.976,2.567],[101.965,2.571],[102.012,2.57],[102.012,2.543],[102.031,2.543],[102.012,2.409],[101.976,2.39],[101.929,2.424],[101.857,2.415],[101.836,2.502],[101.79,2.521],[101.791,2.581],[101.709,2.597],[101.76,2.724],[101.78,2.722]]]]}},{"type":"Feature","properties":{"state":"Negeri Sembilan","district":"Rembau","code_state":5,"code_district":4,"code_state_district":"5_4"},"geometry":{"type":"MultiPolygon","coordinates":[[[[102.095,2.705],[102.127,2.699],[102.116,2.642],[102.167,2.612],[102.212,2.502],[102.202,2.48],[102.174,2.498],[102.139,2.456],[102.063,2.456],[102.041,2.42],[102.031,2.543],[102.012,2.543],[102.012,2.57],[102.031,2.57],[102.026,2.652],[102.095,2.705]]]]}},{"type":"Feature","properties":{"state":"Negeri Sembilan","district":"Seremban","code_state":5,"code_district":5,"code_state_district":"5_5"},"geometry":{"type":"MultiPolygon","coordinates":[[[[101.927,2.964],[101.983,2.931],[101.997,2.85],[102.068,2.839],[102.053,2.689],[102.026,2.652],[102.031,2.57],[101.983,2.57],[101.965,2.571],[101.971,2.544],[101.932,2.544],[101.928,2.598],[101.91,2.625],[101.87,2.628],[101.864,2.669],[101.848,2.646],[101.794,2.67],[101.794,2.679],[101.78,2.722],[101.76,2.724],[101.75,2.873],[101.882,2.87],[101.923,2.97],[101.927,2.964]]]]}},{"type":"Feature","properties":{"state":"Negeri Sembilan","district":"Tampin","code_state":5,"code_district":6,"code_state_district":"5_6"},"geometry":{"type":"MultiPolygon","coordinates":[[[[102.508,2.686],[102.631,2.645],[102.592,2.405],[102.362,2.488],[102.319,2.479],[102.274,2.457],[102.229,2.465],[102.204,2.481],[102.202,2.543],[102.324,2.537],[102.326,2.569],[102.32,2.569],[102.429,2.689],[102.508,2.686]]]]}},{"type":"Feature","properties":{"state":"Negeri Sembilan","district":"Jempol","code_state":5,"code_district":7,"code_state_district":"5_7"},"geometry":{"type":"MultiPolygon","coordinates":[[[[102.389,3.118],[102.466,3.019],[102.692,2.878],[102.7,2.832],[102.631,2.645],[102.567,2.655],[102.55,2.685],[102.429,2.689],[102.347,2.599],[102.347,2.644],[102.336,2.645],[102.398,2.764],[102.389,2.783],[102.348,2.768],[102.29,2.83],[102.299,2.863],[102.237,2.921],[102.272,2.956],[102.351,2.961],[102.343,3.036],[102.293,3.137],[102.389,3.118]]]]}},{"type":"Feature","properties":{"state":"Pahang","district":"Bentong","code_state":6,"code_district":1,"code_state_district":"6_1"},"geometry":{"type":"MultiPolygon","coordinates":[[[[101.876,3.694],[101.896,3.663],[101.939,3.656],[101.976,3.559],[102.025,3.567],[102.059,3.499],[102.105,3.479],[102.096,3.398],[102.119,3.345],[102.236,3.393],[102.343,3.322],[102.304,3.293],[102.298,3.217],[102.273,3.191],[102.313,3.172],[102.293,3.137],[102.142,3.198],[102.058,3.168],[102.044,3.226],[101.985,3.238],[101.939,3.29],[101.917,3.263],[101.858,3.275],[101.757,3.375],[101.79,3.426],[101.761,3.508],[101.804,3.553],[101.804,3.615],[101.881,3.653],[101.876,3.694]]]]}},{"type":"Feature","properties":{"state":"Pahang","district":"Cameron Highlands","code_state":6,"code_district":2,"code_state_district":"6_2"},"geometry":{"type":"MultiPolygon","coordinates":[[[[101.415,4.611],[101.47,4.574],[101.52,4.613],[101.586,4.562],[101.607,4.412],[101.585,4.354],[101.443,4.32],[101.42,4.343],[101.437,4.389],[101.391,4.408],[101.357,4.395],[101.331,4.432],[101.384,4.506],[101.349,4.592],[101.415,4.611]]]]}},{"type":"Feature","properties":{"state":"Pahang","district":"Jerantut","code_state":6,"code_district":3,"code_state_district":"6_3"},"geometry":{"type":"MultiPolygon","coordinates":[[[[102.211,3.858],[102.197,3.832],[102.199,3.868],[102.117,3.834],[102.083,3.844],[102.097,3.911],[102.062,3.973],[102.128,4.003],[102.091,4.038],[102.096,4.077],[102.133,4.074],[102.169,4.036],[102.233,4.034],[102.261,4.061],[102.284,4.052],[102.316,4.097],[102.253,4.12],[102.272,4.207],[102.215,4.337],[102.214,4.417],[102.257,4.433],[102.24,4.464],[102.261,4.52],[102.216,4.594],[102.233,4.651],[102.271,4.663],[102.334,4.636],[102.372,4.681],[102.367,4.708],[102.41,4.715],[102.449,4.712],[102.502,4.667],[102.549,4.709],[102.604,4.687],[102.611,4.779],[102.732,4.684],[102.841,4.68],[102.882,4.609],[102.859,4.601],[102.865,4.562],[102.838,4.557],[102.847,4.498],[102.88,4.464],[102.944,4.451],[102.973,4.481],[103.028,4.406],[103.007,4.377],[103.018,4.335],[102.97,4.33],[102.931,4.279],[102.922,4.158],[102.893,4.137],[102.93,4.099],[102.911,4.014],[102.869,4.001],[102.84,3.932],[102.8,3.968],[102.741,3.909],[102.746,3.883],[102.708,3.834],[102.617,3.854],[102.513,3.828],[102.483,3.885],[102.423,3.738],[102.364,3.814],[102.315,3.815],[102.307,3.802],[102.289,3.841],[102.245,3.826],[102.243,3.866],[102.211,3.858]]]]}},{"type":"Feature","properties":{"state":"Pahang","district":"Kuantan","code_state":6,"code_district":4,"code_state_district":"6_4"},"geometry":{"type":"MultiPolygon","coordinates":[[[[103.326,4.191],[103.445,4.181],[103.415,4.173],[103.385,4.112],[103.442,3.965],[103.402,3.966],[103.394,3.959],[103.377,3.934],[103.379,3.821],[103.373,3.802],[103.342,3.806],[103.326,3.756],[103.392,3.598],[102.919,3.659],[102.87,3.717],[102.826,3.699],[102.801,3.762],[102.758,3.749],[102.711,3.812],[102.742,3.91],[102.8,3.968],[102.846,3.935],[102.869,4.001],[102.913,4.017],[102.922,4.092],[102.995,4.131],[103.072,4.114],[103.163,4.035],[103.245,4.018],[103.313,3.882],[103.306,3.921],[103.336,3.97],[103.301,4.085],[103.326,4.191]]]]}},{"type":"Feature","properties":{"state":"Pahang","district":"Lipis","code_state":6,"code_district":5,"code_state_district":"6_5"},"geometry":{"type":"MultiPolygon","coordinates":[[[[101.776,4.085],[101.74,4.117],[101.701,4.073],[101.627,4.095],[101.581,4.075],[101.533,4.126],[101.514,4.118],[101.494,4.161],[101.507,4.206],[101.451,4.223],[101.443,4.32],[101.586,4.356],[101.607,4.412],[101.583,4.493],[101.592,4.557],[101.624,4.547],[101.727,4.622],[101.755,4.612],[101.78,4.759],[101.815,4.759],[101.847,4.687],[101.889,4.671],[101.903,4.609],[101.943,4.666],[101.952,4.757],[101.985,4.741],[102.001,4.762],[102.049,4.725],[102.114,4.762],[102.175,4.658],[102.225,4.628],[102.218,4.611],[102.216,4.594],[102.261,4.52],[102.24,4.464],[102.257,4.433],[102.215,4.418],[102.209,4.382],[102.272,4.207],[102.247,4.137],[102.316,4.097],[102.307,4.071],[102.201,4.032],[102.096,4.077],[102.091,4.038],[102.127,4.012],[102.11,3.982],[102.018,3.983],[101.958,3.922],[101.927,3.947],[101.962,3.99],[101.939,4.038],[101.951,4.089],[101.903,4.102],[101.853,4.029],[101.812,4.036],[101.796,4.186],[101.774,4.156],[101.776,4.085]]]]}},{"type":"Feature","properties":{"state":"Pahang","district":"Pekan","code_state":6,"code_district":6,"code_state_district":"6_6"},"geometry":{"type":"MultiPolygon","coordinates":[[[[103.434,3.419],[103.447,3.128],[103.428,2.947],[103.163,2.959],[103.117,3.009],[103.116,3.017],[103.136,3.017],[103.131,3.066],[103.066,3.103],[103.109,3.122],[103.128,3.205],[103.068,3.322],[102.98,3.277],[102.953,3.316],[102.92,3.272],[102.888,3.276],[102.77,3.446],[102.849,3.479],[102.866,3.527],[102.898,3.541],[102.921,3.659],[103.12,3.619],[103.399,3.604],[103.474,3.519],[103.475,3.503],[103.471,3.465],[103.434,3.419]]]]}},{"type":"Feature","properties":{"state":"Pahang","district":"Raub","code_state":6,"code_district":7,"code_state_district":"6_7"},"geometry":{"type":"MultiPolygon","coordinates":[[[[101.778,4.084],[101.774,4.156],[101.797,4.186],[101.812,4.036],[101.853,4.029],[101.917,4.105],[101.951,4.089],[101.939,4.038],[101.963,4.001],[101.927,3.947],[101.972,3.923],[102.029,3.986],[102.062,3.973],[102.097,3.911],[102.076,3.852],[102.109,3.834],[102.096,3.774],[102.039,3.708],[102.054,3.643],[102.017,3.61],[102.014,3.561],[101.976,3.559],[101.939,3.656],[101.896,3.663],[101.875,3.695],[101.881,3.653],[101.799,3.618],[101.737,3.713],[101.654,3.729],[101.593,3.803],[101.606,3.876],[101.573,3.916],[101.555,4.028],[101.576,4.068],[101.627,4.095],[101.701,4.073],[101.74,4.117],[101.778,4.084]],[[101.842,3.814],[101.842,3.814]]]]}},{"type":"Feature","properties":{"state":"Pahang","district":"Temerloh","code_state":6,"code_district":8,"code_state_district":"6_8"},"geometry":{"type":"MultiPolygon","coordinates":[[[[102.202,3.866],[102.197,3.832],[102.243,3.866],[102.245,3.826],[102.287,3.841],[102.307,3.802],[102.315,3.815],[102.364,3.814],[102.388,3.766],[102.392,3.755],[102.472,3.717],[102.486,3.511],[102.506,3.477],[102.473,3.366],[102.364,3.382],[102.315,3.355],[102.236,3.393],[102.118,3.346],[102.096,3.398],[102.105,3.479],[102.06,3.498],[102.027,3.566],[102.014,3.557],[102.017,3.61],[102.054,3.643],[102.034,3.694],[102.096,3.774],[102.093,3.824],[102.202,3.866]]]]}},{"type":"Feature","properties":{"state":"Pahang","district":"Rompin","code_state":6,"code_district":9,"code_state_district":"6_9"},"geometry":{"type":"MultiPolygon","coordinates":[[[[102.739,3.379],[102.826,3.377],[102.85,3.32],[102.912,3.269],[102.931,3.309],[102.954,3.316],[102.98,3.277],[103.068,3.322],[103.074,3.278],[103.127,3.213],[103.109,3.122],[103.066,3.103],[103.131,3.066],[103.125,2.99],[103.163,2.959],[103.428,2.947],[103.478,2.825],[103.63,2.664],[103.587,2.65],[103.621,2.628],[103.623,2.586],[103.597,2.57],[103.615,2.554],[103.59,2.534],[103.623,2.533],[103.627,2.465],[103.355,2.59],[103.289,2.578],[103.148,2.52],[102.969,2.597],[102.739,2.864],[102.756,2.991],[102.786,3.046],[102.743,3.082],[102.749,3.125],[102.724,3.122],[102.737,3.153],[102.803,3.172],[102.697,3.28],[102.739,3.379]]],[[[104.171,2.897],[104.224,2.767],[104.205,2.718],[104.159,2.717],[104.12,2.75],[104.121,2.788],[104.164,2.826],[104.147,2.87],[104.171,2.897]]],[[[103.974,2.7],[103.993,2.675],[103.974,2.7]]],[[[103.96,2.701],[103.957,2.683],[103.96,2.701]]],[[[104.107,2.915],[104.107,2.915]]],[[[104.032,2.784],[104.032,2.784]]]]}},{"type":"Feature","properties":{"state":"Pahang","district":"Maran","code_state":6,"code_district":10,"code_state_district":"6_10"},"geometry":{"type":"MultiPolygon","coordinates":[[[[102.499,3.873],[102.513,3.828],[102.617,3.854],[102.708,3.834],[102.758,3.749],[102.801,3.762],[102.826,3.699],[102.87,3.717],[102.919,3.66],[102.898,3.541],[102.822,3.46],[102.773,3.459],[102.776,3.425],[102.829,3.38],[102.816,3.371],[102.735,3.381],[102.727,3.334],[102.691,3.316],[102.657,3.377],[102.581,3.407],[102.573,3.455],[102.504,3.464],[102.481,3.687],[102.472,3.717],[102.426,3.74],[102.477,3.852],[102.466,3.873],[102.499,3.873]],[[102.646,3.664],[102.646,3.664]]]]}},{"type":"Feature","properties":{"state":"Pahang","district":"Bera","code_state":6,"code_district":11,"code_state_district":"6_11"},"geometry":{"type":"MultiPolygon","coordinates":[[[[102.515,3.459],[102.573,3.455],[102.593,3.394],[102.628,3.397],[102.69,3.348],[102.701,3.268],[102.803,3.172],[102.735,3.152],[102.724,3.122],[102.749,3.125],[102.743,3.082],[102.786,3.049],[102.739,2.864],[102.781,2.808],[102.699,2.833],[102.695,2.832],[102.68,2.896],[102.666,2.885],[102.466,3.019],[102.389,3.118],[102.293,3.137],[102.313,3.172],[102.273,3.191],[102.298,3.217],[102.304,3.293],[102.343,3.322],[102.32,3.369],[102.473,3.366],[102.515,3.459]]]]}},{"type":"Feature","properties":{"state":"Pulau Pinang","district":"Seberang Perai Tengah","code_state":7,"code_district":1,"code_state_district":"7_1"},"geometry":{"type":"MultiPolygon","coordinates":[[[[100.444,5.452],[100.527,5.428],[100.525,5.369],[100.535,5.285],[100.419,5.282],[100.405,5.339],[100.363,5.381],[100.444,5.452]],[[100.465,5.379],[100.465,5.379]]]]}},{"type":"Feature","properties":{"state":"Pulau Pinang","district":"Seberang Perai Utara","code_state":7,"code_district":2,"code_state_district":"7_2"},"geometry":{"type":"MultiPolygon","coordinates":[[[[100.375,5.581],[100.529,5.556],[100.527,5.428],[100.442,5.454],[100.367,5.382],[100.374,5.526],[100.336,5.575],[100.375,5.581]]]]}},{"type":"Feature","properties":{"state":"Pulau Pinang","district":"Seberang Perai Selatan","code_state":7,"code_district":3,"code_state_district":"7_3"},"geometry":{"type":"MultiPolygon","coordinates":[[[[100.521,5.298],[100.553,5.144],[100.4,5.127],[100.432,5.209],[100.406,5.266],[100.521,5.298]]],[[[100.385,5.257],[100.385,5.257]]],[[[100.386,5.268],[100.387,5.286],[100.388,5.271],[100.386,5.268]]]]}},{"type":"Feature","properties":{"state":"Pulau Pinang","district":"Timur Laut","code_state":7,"code_district":4,"code_state_district":"7_4"},"geometry":{"type":"MultiPolygon","coordinates":[[[[100.325,5.337],[100.31,5.302],[100.325,5.337]]],[[[100.259,5.483],[100.31,5.465],[100.308,5.44],[100.346,5.42],[100.31,5.345],[100.279,5.331],[100.235,5.394],[100.237,5.465],[100.259,5.483]],[[100.294,5.348],[100.294,5.348]],[[100.299,5.344],[100.299,5.344]],[[100.306,5.363],[100.306,5.363]],[[100.312,5.38],[100.312,5.38]],[[100.299,5.344],[100.299,5.344]]]]}},{"type":"Feature","properties":{"state":"Pulau Pinang","district":"Barat Daya","code_state":7,"code_district":5,"code_state_district":"7_5"},"geometry":{"type":"MultiPolygon","coordinates":[[[[100.188,5.478],[100.242,5.464],[100.235,5.394],[100.279,5.331],[100.315,5.343],[100.284,5.258],[100.258,5.282],[100.18,5.279],[100.198,5.312],[100.188,5.478]]],[[[100.279,5.25],[100.279,5.25]]],[[[100.185,5.316],[100.185,5.316]]],[[[100.187,5.314],[100.187,5.314]]]]}},{"type":"Feature","properties":{"state":"Perak","district":"Batang Padang","code_state":8,"code_district":1,"code_state_district":"8_1"},"geometry":{"type":"MultiPolygon","coordinates":[[[[101.232,4.033],[101.206,4.06],[101.148,4.114],[101.164,4.142],[101.101,4.178],[101.068,4.249],[101.197,4.285],[101.203,4.334],[101.287,4.338],[101.34,4.432],[101.357,4.395],[101.391,4.408],[101.437,4.389],[101.42,4.343],[101.463,4.255],[101.451,4.223],[101.507,4.206],[101.494,4.161],[101.514,4.118],[101.487,4.038],[101.459,4.027],[101.462,3.956],[101.429,3.958],[101.362,3.894],[101.377,3.824],[101.319,3.805],[101.244,3.844],[101.232,4.033]]]]}},{"type":"Feature","properties":{"state":"Perak","district":"Manjung","code_state":8,"code_district":2,"code_state_district":"8_2"},"geometry":{"type":"MultiPolygon","coordinates":[[[[100.552,4.198],[100.552,4.198]]],[[[100.563,4.25],[100.585,4.189],[100.548,4.212],[100.54,4.264],[100.563,4.25]]],[[[100.591,4.437],[100.612,4.437],[100.628,4.537],[100.646,4.528],[100.739,4.522],[100.858,4.551],[100.853,4.484],[100.808,4.477],[100.799,4.353],[100.824,4.354],[100.828,4.291],[100.818,4.292],[100.804,4.275],[100.801,4.207],[100.765,4.138],[100.829,4.052],[100.776,4.003],[100.758,4.012],[100.763,4.085],[100.707,4.147],[100.659,4.169],[100.628,4.134],[100.623,4.164],[100.605,4.148],[100.59,4.165],[100.614,4.167],[100.61,4.214],[100.595,4.227],[100.585,4.227],[100.584,4.294],[100.556,4.308],[100.585,4.376],[100.573,4.431],[100.591,4.431],[100.591,4.437]],[[100.776,4.518],[100.776,4.518]]]]}},{"type":"Feature","properties":{"state":"Perak","district":"Kinta","code_state":8,"code_district":3,"code_state_district":"8_3"},"geometry":{"type":"MultiPolygon","coordinates":[[[[101.131,4.781],[101.231,4.756],[101.31,4.68],[101.34,4.678],[101.375,4.629],[101.349,4.592],[101.358,4.539],[101.267,4.538],[101.156,4.486],[101.122,4.493],[101.127,4.468],[101.084,4.455],[101.086,4.437],[101.054,4.448],[101.083,4.265],[101.008,4.251],[101.014,4.33],[100.981,4.386],[100.947,4.39],[100.952,4.455],[101.014,4.592],[101.038,4.729],[101.066,4.766],[101.131,4.781]]]]}},{"type":"Feature","properties":{"state":"Perak","district":"Kerian","code_state":8,"code_district":4,"code_state_district":"8_4"},"geometry":{"type":"MultiPolygon","coordinates":[[[[100.626,5.139],[100.692,5.127],[100.701,5.088],[100.717,5.098],[100.72,5.097],[100.737,4.998],[100.72,4.939],[100.636,4.896],[100.612,4.838],[100.544,4.883],[100.49,4.874],[100.503,4.914],[100.439,4.926],[100.361,5.087],[100.4,5.127],[100.407,5.123],[100.495,5.134],[100.517,5.095],[100.566,5.079],[100.626,5.139]]]]}},{"type":"Feature","properties":{"state":"Perak","district":"Kuala Kangsar","code_state":8,"code_district":5,"code_state_district":"8_5"},"geometry":{"type":"MultiPolygon","coordinates":[[[[101.105,5.067],[101.193,5.053],[101.248,5.073],[101.337,5.052],[101.366,5.025],[101.364,4.971],[101.422,4.984],[101.445,4.958],[101.446,4.858],[101.402,4.842],[101.413,4.801],[101.374,4.759],[101.387,4.717],[101.31,4.68],[101.231,4.756],[101.122,4.783],[101.066,4.766],[101.038,4.729],[100.995,4.554],[100.906,4.563],[100.739,4.523],[100.804,4.618],[100.807,4.682],[100.782,4.705],[100.815,4.769],[100.807,4.857],[100.857,4.888],[100.873,4.966],[100.925,4.985],[101.025,4.968],[101.08,5.065],[101.105,5.067]]]]}},{"type":"Feature","properties":{"state":"Perak","district":"Larut Dan Matang","code_state":8,"code_district":6,"code_state_district":"8_6"},"geometry":{"type":"MultiPolygon","coordinates":[[[[100.755,5.101],[100.916,5.084],[100.879,5.032],[100.892,4.998],[100.856,4.935],[100.857,4.888],[100.807,4.857],[100.815,4.769],[100.782,4.705],[100.811,4.641],[100.79,4.587],[100.739,4.522],[100.646,4.528],[100.583,4.572],[100.583,4.615],[100.6,4.64],[100.613,4.652],[100.578,4.698],[100.589,4.772],[100.55,4.846],[100.566,4.859],[100.574,4.86],[100.621,4.84],[100.636,4.896],[100.719,4.938],[100.737,4.999],[100.723,5.081],[100.755,5.101]]]]}},{"type":"Feature","properties":{"state":"Perak","district":"Hilir Perak","code_state":8,"code_district":7,"code_state_district":"8_7"},"geometry":{"type":"MultiPolygon","coordinates":[[[[100.942,4.053],[100.944,4.051],[100.963,4.04],[101.002,4.061],[101.024,4.124],[101.11,4.183],[101.164,4.142],[101.148,4.114],[101.237,4.03],[101.239,3.94],[101.244,3.853],[101.003,3.909],[100.928,3.967],[100.881,3.968],[100.886,4.01],[100.93,4.032],[100.92,4.061],[100.942,4.053]]],[[[100.944,4.052],[100.944,4.052]]]]}},{"type":"Feature","properties":{"state":"Perak","district":"Hulu Perak","code_state":8,"code_district":8,"code_state_district":"8_8"},"geometry":{"type":"MultiPolygon","coordinates":[[[[101.205,5.658],[101.26,5.712],[101.271,5.805],[101.34,5.811],[101.392,5.876],[101.484,5.87],[101.583,5.932],[101.629,5.874],[101.663,5.867],[101.68,5.738],[101.646,5.702],[101.643,5.643],[101.677,5.62],[101.649,5.555],[101.689,5.535],[101.741,5.545],[101.754,5.408],[101.674,5.352],[101.61,5.394],[101.571,5.297],[101.549,5.271],[101.524,5.278],[101.46,4.999],[101.371,4.969],[101.366,5.025],[101.339,5.052],[101.098,5.077],[101.026,4.969],[100.924,4.985],[100.873,4.966],[100.932,5.154],[100.891,5.204],[100.951,5.264],[100.908,5.411],[100.871,5.421],[100.867,5.429],[100.866,5.445],[100.885,5.496],[100.934,5.52],[100.946,5.582],[100.925,5.619],[100.976,5.686],[100.982,5.723],[100.943,5.765],[100.995,5.787],[101.037,5.739],[101.062,5.745],[101.135,5.614],[101.205,5.658]]]]}},{"type":"Feature","properties":{"state":"Perak","district":"Perak Tengah","code_state":8,"code_district":9,"code_state_district":"8_9"},"geometry":{"type":"MultiPolygon","coordinates":[[[[100.806,4.031],[100.806,4.031]]],[[[100.807,4.033],[100.807,4.033]]],[[[100.814,4.039],[100.814,4.039]]],[[[100.816,4.04],[100.816,4.04]]],[[[100.817,4.041],[100.817,4.041]]],[[[100.824,4.05],[100.765,4.133],[100.801,4.207],[100.804,4.275],[100.818,4.292],[100.828,4.291],[100.824,4.354],[100.799,4.353],[100.808,4.477],[100.853,4.484],[100.858,4.551],[100.995,4.554],[100.947,4.39],[100.981,4.386],[100.972,4.372],[101.01,4.343],[101.002,4.257],[101.068,4.249],[101.101,4.178],[101.024,4.124],[101.002,4.061],[100.963,4.04],[100.92,4.061],[100.93,4.032],[100.886,4.01],[100.881,3.968],[100.861,3.974],[100.862,4.038],[100.824,4.05]],[[100.944,4.052],[100.944,4.052]]]]}},{"type":"Feature","properties":{"state":"Perak","district":"Kampar","code_state":8,"code_district":10,"code_state_district":"8_10"},"geometry":{"type":"MultiPolygon","coordinates":[[[[101.366,4.528],[101.384,4.506],[101.331,4.446],[101.291,4.341],[101.203,4.334],[101.196,4.285],[101.071,4.248],[101.08,4.376],[101.054,4.448],[101.086,4.437],[101.084,4.455],[101.127,4.468],[101.122,4.493],[101.156,4.486],[101.267,4.538],[101.366,4.528]]]]}},{"type":"Feature","properties":{"state":"Perak","district":"Muallim","code_state":8,"code_district":11,"code_state_district":"8_11"},"geometry":{"type":"MultiPolygon","coordinates":[[[[101.341,3.701],[101.302,3.674],[101.249,3.677],[101.244,3.843],[101.319,3.805],[101.379,3.826],[101.362,3.894],[101.429,3.958],[101.462,3.956],[101.459,4.027],[101.487,4.038],[101.495,4.093],[101.533,4.126],[101.578,4.086],[101.555,4.028],[101.573,3.916],[101.606,3.876],[101.593,3.803],[101.627,3.771],[101.605,3.774],[101.578,3.721],[101.519,3.678],[101.362,3.805],[101.321,3.773],[101.341,3.701]]]]}},{"type":"Feature","properties":{"state":"Perak","district":"Bagan Datuk","code_state":8,"code_district":12,"code_state_district":"8_12"},"geometry":{"type":"MultiPolygon","coordinates":[[[[101.246,3.807],[101.25,3.729],[101.244,3.72],[101.175,3.711],[101.19,3.732],[101.165,3.75],[101.163,3.726],[101.135,3.736],[101.132,3.764],[101.123,3.738],[101.075,3.73],[101.075,3.759],[101.101,3.749],[101.092,3.779],[101.06,3.754],[101.061,3.793],[101.028,3.783],[101.025,3.805],[100.966,3.772],[100.979,3.813],[100.94,3.836],[100.945,3.869],[100.808,3.849],[100.796,3.837],[100.786,3.824],[100.723,3.841],[100.694,3.887],[100.698,4.018],[100.714,4.031],[100.771,4.002],[100.853,4.044],[100.866,3.966],[100.929,3.966],[101.018,3.905],[101.228,3.87],[101.244,3.853],[101.246,3.807]]]]}},{"type":"Feature","properties":{"state":"Perak","district":"Selama","code_state":8,"code_district":13,"code_state_district":"8_13"},"geometry":{"type":"MultiPolygon","coordinates":[[[[100.881,5.413],[100.908,5.411],[100.951,5.266],[100.891,5.204],[100.932,5.154],[100.918,5.085],[100.752,5.104],[100.72,5.082],[100.692,5.127],[100.68,5.131],[100.634,5.129],[100.63,5.161],[100.731,5.265],[100.735,5.31],[100.818,5.321],[100.849,5.351],[100.867,5.429],[100.871,5.421],[100.881,5.413]]]]}},{"type":"Feature","properties":{"state":"Perlis","district":"Perlis","code_state":9,"code_district":1,"code_state_district":"9_1"},"geometry":{"type":"MultiPolygon","coordinates":[[[[100.21,6.721],[100.234,6.694],[100.293,6.709],[100.294,6.682],[100.327,6.664],[100.304,6.608],[100.371,6.531],[100.364,6.454],[100.205,6.292],[100.199,6.257],[100.12,6.422],[100.16,6.486],[100.157,6.576],[100.184,6.576],[100.172,6.693],[100.21,6.721]]]]}},{"type":"Feature","properties":{"state":"Selangor","district":"Gombak","code_state":10,"code_district":1,"code_state_district":"10_1"},"geometry":{"type":"MultiPolygon","coordinates":[[[[101.459,3.401],[101.501,3.352],[101.615,3.324],[101.682,3.336],[101.716,3.39],[101.777,3.362],[101.853,3.283],[101.816,3.236],[101.81,3.156],[101.735,3.168],[101.759,3.191],[101.74,3.237],[101.715,3.216],[101.664,3.247],[101.606,3.202],[101.56,3.232],[101.497,3.225],[101.492,3.231],[101.492,3.276],[101.43,3.305],[101.459,3.401]]]]}},{"type":"Feature","properties":{"state":"Selangor","district":"Klang","code_state":10,"code_district":2,"code_state_district":"10_2"},"geometry":{"type":"MultiPolygon","coordinates":[[[[101.433,3.189],[101.473,3.162],[101.444,3.094],[101.468,3.093],[101.477,3.086],[101.499,3.04],[101.548,3.035],[101.555,2.989],[101.577,2.98],[101.525,2.951],[101.423,2.954],[101.438,2.969],[101.415,2.978],[101.368,2.907],[101.358,2.918],[101.358,2.928],[101.393,2.992],[101.36,3.003],[101.358,3.078],[101.316,3.117],[101.306,3.168],[101.433,3.189]]],[[[101.355,2.993],[101.389,2.991],[101.335,2.924],[101.347,2.897],[101.318,2.912],[101.278,2.881],[101.314,2.968],[101.355,2.993]]],[[[101.327,3.069],[101.338,3],[101.262,2.952],[101.294,3.05],[101.327,3.069]]],[[[101.259,3.059],[101.274,3.037],[101.217,3.007],[101.259,3.059]]],[[[101.255,2.938],[101.234,2.899],[101.232,2.947],[101.238,2.955],[101.253,2.965],[101.255,2.938]]],[[[101.251,3.015],[101.217,2.964],[101.222,3.002],[101.251,3.015]]],[[[101.293,2.951],[101.263,2.912],[101.263,2.947],[101.301,2.974],[101.293,2.951]]],[[[101.303,2.976],[101.279,2.96],[101.303,2.976]]],[[[101.269,2.954],[101.277,2.966],[101.28,2.968],[101.277,2.96],[101.269,2.954]]],[[[101.265,3.01],[101.265,3.01]]],[[[101.375,2.974],[101.375,2.974]]],[[[101.307,2.98],[101.307,2.98]]],[[[101.312,2.985],[101.312,2.985]]]]}},{"type":"Feature","properties":{"state":"Selangor","district":"Kuala Langat","code_state":10,"code_district":3,"code_state_district":"10_3"},"geometry":{"type":"MultiPolygon","coordinates":[[[[101.577,2.98],[101.601,2.938],[101.645,2.844],[101.682,2.818],[101.632,2.759],[101.632,2.73],[101.594,2.729],[101.589,2.646],[101.482,2.69],[101.411,2.81],[101.294,2.841],[101.284,2.873],[101.317,2.91],[101.347,2.894],[101.339,2.921],[101.377,2.905],[101.415,2.978],[101.438,2.969],[101.423,2.954],[101.525,2.951],[101.577,2.98]]]]}},{"type":"Feature","properties":{"state":"Selangor","district":"Kuala Selangor","code_state":10,"code_district":4,"code_state_district":"10_4"},"geometry":{"type":"MultiPolygon","coordinates":[[[[101.456,3.496],[101.46,3.403],[101.43,3.305],[101.492,3.276],[101.492,3.187],[101.4,3.194],[101.322,3.161],[101.302,3.257],[101.232,3.348],[101.187,3.356],[101.103,3.487],[101.349,3.598],[101.407,3.546],[101.456,3.496]]]]}},{"type":"Feature","properties":{"state":"Selangor","district":"Petaling","code_state":10,"code_district":5,"code_state_district":"10_5"},"geometry":{"type":"MultiPolygon","coordinates":[[[[101.566,3.222],[101.629,3.211],[101.613,3.155],[101.659,3.117],[101.653,3.05],[101.729,3.041],[101.714,2.987],[101.565,2.979],[101.548,3.035],[101.499,3.04],[101.477,3.086],[101.468,3.093],[101.444,3.094],[101.473,3.162],[101.427,3.194],[101.492,3.187],[101.492,3.231],[101.566,3.222]]]]}},{"type":"Feature","properties":{"state":"Selangor","district":"Sabak Bernam","code_state":10,"code_district":6,"code_state_district":"10_6"},"geometry":{"type":"MultiPolygon","coordinates":[[[[100.945,3.855],[100.94,3.84],[100.941,3.833],[100.979,3.815],[100.959,3.789],[100.961,3.781],[100.972,3.77],[101.025,3.805],[101.029,3.783],[101.06,3.794],[101.061,3.753],[101.091,3.78],[101.101,3.749],[101.075,3.759],[101.077,3.729],[101.122,3.737],[101.133,3.764],[101.135,3.736],[101.163,3.726],[101.165,3.75],[101.19,3.732],[101.175,3.711],[101.248,3.719],[101.263,3.669],[101.34,3.697],[101.349,3.598],[101.102,3.487],[101.02,3.638],[100.929,3.691],[100.874,3.768],[100.813,3.782],[100.818,3.851],[100.938,3.871],[100.945,3.855]]]]}},{"type":"Feature","properties":{"state":"Selangor","district":"Sepang","code_state":10,"code_district":7,"code_state_district":"10_7"},"geometry":{"type":"MultiPolygon","coordinates":[[[[101.743,2.98],[101.785,2.872],[101.75,2.873],[101.761,2.707],[101.705,2.596],[101.589,2.646],[101.594,2.729],[101.632,2.73],[101.632,2.759],[101.682,2.818],[101.645,2.844],[101.601,2.938],[101.577,2.98],[101.714,2.987],[101.72,3.015],[101.743,2.98]],[[101.705,2.981],[101.661,2.964],[101.664,2.879],[101.731,2.929],[101.705,2.981]]]]}},{"type":"Feature","properties":{"state":"Selangor","district":"Ulu Langat","code_state":10,"code_district":8,"code_state_district":"10_8"},"geometry":{"type":"MultiPolygon","coordinates":[[[[101.856,3.276],[101.923,3.264],[101.946,3.227],[101.971,3.033],[101.941,3.019],[101.882,2.87],[101.785,2.872],[101.72,3.015],[101.748,3.057],[101.735,3.14],[101.751,3.164],[101.81,3.156],[101.81,3.221],[101.856,3.276]]]]}},{"type":"Feature","properties":{"state":"Selangor","district":"Ulu Selangor","code_state":10,"code_district":9,"code_state_district":"10_9"},"geometry":{"type":"MultiPolygon","coordinates":[[[[101.42,3.752],[101.52,3.678],[101.624,3.773],[101.654,3.729],[101.736,3.713],[101.766,3.685],[101.814,3.606],[101.804,3.553],[101.761,3.508],[101.79,3.426],[101.757,3.375],[101.716,3.39],[101.685,3.338],[101.638,3.324],[101.48,3.373],[101.458,3.402],[101.468,3.484],[101.407,3.546],[101.349,3.598],[101.345,3.714],[101.32,3.77],[101.362,3.805],[101.42,3.752]]]]}},{"type":"Feature","properties":{"state":"Terengganu","district":"Besut","code_state":11,"code_district":1,"code_state_district":"11_1"},"geometry":{"type":"MultiPolygon","coordinates":[[[[102.436,5.745],[102.537,5.847],[102.63,5.784],[102.651,5.752],[102.673,5.724],[102.651,5.711],[102.668,5.638],[102.617,5.587],[102.622,5.517],[102.591,5.483],[102.587,5.369],[102.53,5.332],[102.447,5.355],[102.388,5.41],[102.406,5.442],[102.383,5.517],[102.411,5.543],[102.381,5.682],[102.436,5.745]]],[[[102.771,5.911],[102.77,5.884],[102.744,5.88],[102.739,5.895],[102.739,5.902],[102.761,5.924],[102.771,5.911]]],[[[102.726,5.938],[102.728,5.893],[102.726,5.938]]],[[[102.61,5.827],[102.61,5.827]]],[[[102.667,5.956],[102.667,5.956]]],[[[102.685,5.959],[102.685,5.959]]],[[[102.67,5.942],[102.67,5.942]]],[[[102.679,5.962],[102.679,5.962]]],[[[102.668,5.961],[102.668,5.961]]],[[[102.671,5.958],[102.671,5.958]]]]}},{"type":"Feature","properties":{"state":"Terengganu","district":"Dungun","code_state":11,"code_district":2,"code_state_district":"11_2"},"geometry":{"type":"MultiPolygon","coordinates":[[[[103.232,4.946],[103.236,4.909],[103.287,4.869],[103.309,4.879],[103.349,4.85],[103.388,4.877],[103.439,4.781],[103.391,4.775],[103.427,4.779],[103.453,4.595],[103.363,4.582],[103.342,4.599],[103.291,4.555],[103.285,4.47],[103.225,4.457],[103.208,4.498],[103.153,4.42],[103.127,4.446],[103.082,4.423],[103.046,4.44],[103.019,4.408],[102.973,4.481],[102.951,4.452],[102.88,4.464],[102.838,4.533],[102.873,4.582],[102.859,4.601],[102.882,4.609],[102.841,4.671],[102.842,4.725],[102.895,4.75],[102.894,4.815],[102.942,4.81],[102.995,4.845],[103.027,4.835],[103.047,4.867],[103.082,4.864],[103.081,4.927],[103.109,4.949],[103.171,4.95],[103.192,4.922],[103.232,4.946]],[[103.436,4.691],[103.436,4.691]]]]}},{"type":"Feature","properties":{"state":"Terengganu","district":"Kemaman","code_state":11,"code_district":3,"code_state_district":"11_3"},"geometry":{"type":"MultiPolygon","coordinates":[[[[103.353,4.589],[103.453,4.595],[103.475,4.525],[103.447,4.507],[103.444,4.472],[103.491,4.321],[103.442,4.235],[103.445,4.181],[103.319,4.195],[103.328,4.145],[103.301,4.082],[103.326,4.05],[103.336,3.954],[103.306,3.921],[103.312,3.882],[103.245,4.018],[103.165,4.034],[103.065,4.117],[102.995,4.131],[102.93,4.099],[102.893,4.137],[102.922,4.158],[102.931,4.279],[102.97,4.33],[103.018,4.335],[103.007,4.377],[103.037,4.433],[103.082,4.423],[103.127,4.446],[103.153,4.42],[103.208,4.498],[103.225,4.457],[103.281,4.467],[103.291,4.555],[103.353,4.589]]]]}},{"type":"Feature","properties":{"state":"Terengganu","district":"Kuala Terengganu","code_state":11,"code_district":4,"code_state_district":"11_4"},"geometry":{"type":"MultiPolygon","coordinates":[[[[103.14,5.345],[103.186,5.268],[103.146,5.214],[103.119,5.211],[103.128,5.243],[103.087,5.268],[103.047,5.214],[103.019,5.238],[102.979,5.233],[102.981,5.304],[103.067,5.35],[103.103,5.324],[103.14,5.345]]]]}},{"type":"Feature","properties":{"state":"Terengganu","district":"Marang","code_state":11,"code_district":5,"code_state_district":"11_5"},"geometry":{"type":"MultiPolygon","coordinates":[[[[103.085,5.267],[103.121,5.255],[103.12,5.21],[103.186,5.267],[103.388,4.877],[103.368,4.858],[103.287,4.869],[103.236,4.909],[103.203,4.999],[103.119,5.103],[103.079,5.109],[103.08,5.113],[103.052,5.147],[103.048,5.219],[103.085,5.267]]],[[[103.269,5.21],[103.268,5.23],[103.27,5.219],[103.269,5.21]]],[[[103.263,5.231],[103.263,5.231]]]]}},{"type":"Feature","properties":{"state":"Terengganu","district":"Hulu Terengganu","code_state":11,"code_district":6,"code_state_district":"11_6"},"geometry":{"type":"MultiPolygon","coordinates":[[[[102.601,5.48],[102.652,5.435],[102.656,5.39],[102.682,5.398],[102.686,5.345],[102.729,5.32],[102.729,5.26],[102.772,5.228],[102.852,5.267],[102.931,5.187],[103.001,5.234],[103.038,5.231],[103.052,5.147],[103.08,5.113],[103.079,5.109],[103.119,5.103],[103.229,4.957],[103.192,4.922],[103.171,4.95],[103.107,4.948],[103.081,4.927],[103.082,4.864],[103.047,4.867],[103.027,4.835],[102.995,4.845],[102.942,4.81],[102.894,4.815],[102.895,4.751],[102.843,4.726],[102.841,4.68],[102.777,4.67],[102.683,4.715],[102.65,4.847],[102.573,4.893],[102.508,4.901],[102.522,4.959],[102.498,5.006],[102.519,5.026],[102.499,5.074],[102.527,5.11],[102.414,5.182],[102.428,5.352],[102.482,5.359],[102.53,5.332],[102.585,5.367],[102.601,5.48]]]]}},{"type":"Feature","properties":{"state":"Terengganu","district":"Setiu","code_state":11,"code_district":7,"code_state_district":"11_7"},"geometry":{"type":"MultiPolygon","coordinates":[[[[102.824,5.598],[102.998,5.5],[102.962,5.467],[102.936,5.437],[102.915,5.451],[102.91,5.445],[102.931,5.32],[102.907,5.306],[102.989,5.225],[102.931,5.187],[102.852,5.267],[102.79,5.222],[102.729,5.26],[102.723,5.335],[102.686,5.345],[102.682,5.398],[102.656,5.39],[102.652,5.435],[102.591,5.483],[102.622,5.517],[102.617,5.587],[102.668,5.638],[102.651,5.711],[102.673,5.724],[102.824,5.598]]]]}},{"type":"Feature","properties":{"state":"Terengganu","district":"Kuala Nerus","code_state":11,"code_district":8,"code_state_district":"11_8"},"geometry":{"type":"MultiPolygon","coordinates":[[[[103.062,5.438],[103.14,5.344],[103.103,5.324],[103.067,5.35],[102.981,5.304],[102.979,5.233],[102.907,5.306],[102.931,5.32],[102.91,5.446],[102.936,5.437],[102.962,5.467],[102.998,5.5],[103.062,5.438]]],[[[103.004,5.811],[103.012,5.784],[103.041,5.787],[102.996,5.747],[103.004,5.811]]],[[[103.068,5.616],[103.056,5.625],[103.068,5.616]]],[[[102.901,5.792],[102.901,5.792]]],[[[103,5.734],[103,5.734]]],[[[103.062,5.595],[103.062,5.595]]],[[[103.058,5.77],[103.058,5.77]]],[[[103.067,5.655],[103.067,5.655]]],[[[103.15,5.64],[103.15,5.64]]],[[[103.159,5.622],[103.159,5.622]]],[[[103.026,5.735],[103.026,5.735]]],[[[103.04,5.776],[103.04,5.776]]],[[[103.071,5.663],[103.071,5.663]]],[[[103.037,5.77],[103.037,5.77]]],[[[103.033,5.77],[103.033,5.77]]],[[[103.07,5.666],[103.07,5.666]]]]}},{"type":"Feature","properties":{"state":"Sabah","district":"Tawau","code_state":12,"code_district":1,"code_state_district":"12_1"},"geometry":{"type":"MultiPolygon","coordinates":[[[[117.929,4.644],[117.956,4.61],[118.05,4.629],[118.216,4.576],[118.247,4.415],[118.351,4.34],[118.336,4.351],[118.327,4.349],[118.314,4.323],[118.218,4.292],[118.171,4.303],[117.991,4.224],[117.921,4.252],[117.875,4.245],[117.792,4.35],[117.737,4.352],[117.705,4.426],[117.823,4.535],[117.822,4.624],[117.84,4.595],[117.929,4.644]]],[[[117.75,4.348],[117.79,4.333],[117.75,4.348]]]]}},{"type":"Feature","properties":{"state":"Sabah","district":"Lahad Datu","code_state":12,"code_district":2,"code_state_district":"12_2"},"geometry":{"type":"MultiPolygon","coordinates":[[[[118.378,4.765],[118.378,4.765]]],[[[118.412,4.782],[118.358,4.805],[118.412,4.782]]],[[[118.941,5.393],[118.901,5.387],[118.941,5.393]]],[[[118.339,4.979],[118.382,4.976],[118.302,4.95],[118.333,4.962],[118.323,4.986],[118.339,4.979]]],[[[118.329,5.011],[118.329,5.011]]],[[[118.337,5.02],[118.337,5.02]]],[[[119.111,5.087],[118.673,4.93],[118.545,4.962],[118.516,4.927],[118.464,4.928],[118.446,4.99],[118.338,5.025],[118.298,4.959],[118.29,4.988],[118.279,4.961],[118.227,4.98],[118.158,4.885],[118.125,4.879],[118.124,4.872],[118.129,4.857],[118.019,4.864],[117.968,4.821],[117.941,4.752],[117.894,4.766],[117.813,4.722],[117.73,4.775],[117.619,4.747],[117.464,4.803],[117.479,4.855],[117.514,4.868],[117.501,4.945],[117.619,4.984],[117.62,5.013],[117.677,5.031],[117.683,5.113],[117.709,5.124],[117.701,5.136],[117.696,5.14],[117.761,5.188],[117.782,5.234],[117.848,5.207],[117.906,5.217],[117.96,5.18],[118.248,5.23],[118.345,5.298],[118.723,5.285],[118.759,5.349],[118.748,5.395],[118.773,5.425],[118.777,5.409],[118.809,5.426],[118.805,5.515],[118.93,5.42],[118.905,5.404],[118.875,5.423],[118.892,5.403],[118.871,5.378],[119.002,5.389],[118.95,5.388],[118.939,5.43],[119.089,5.414],[119.104,5.462],[119.133,5.468],[119.247,5.38],[119.268,5.207],[119.215,5.139],[119.111,5.087]],[[118.293,5.041],[118.293,5.041]]]]}},{"type":"Feature","properties":{"state":"Sabah","district":"Semporna","code_state":12,"code_district":3,"code_state_district":"12_3"},"geometry":{"type":"MultiPolygon","coordinates":[[[[118.367,4.624],[118.394,4.574],[118.426,4.597],[118.484,4.563],[118.474,4.526],[118.438,4.52],[118.483,4.49],[118.502,4.432],[118.491,4.475],[118.532,4.518],[118.592,4.506],[118.57,4.486],[118.608,4.48],[118.642,4.44],[118.617,4.402],[118.589,4.435],[118.567,4.428],[118.594,4.395],[118.544,4.373],[118.543,4.368],[118.55,4.348],[118.486,4.356],[118.411,4.322],[118.247,4.415],[118.245,4.554],[118.29,4.575],[118.318,4.627],[118.367,4.624]]],[[[118.462,4.685],[118.495,4.636],[118.514,4.657],[118.585,4.622],[118.554,4.586],[118.541,4.613],[118.526,4.593],[118.461,4.602],[118.319,4.654],[118.427,4.659],[118.422,4.679],[118.462,4.685]]],[[[118.648,4.488],[118.751,4.451],[118.642,4.412],[118.659,4.435],[118.624,4.48],[118.648,4.488]]],[[[118.502,4.511],[118.477,4.519],[118.495,4.552],[118.502,4.511]]],[[[118.579,4.557],[118.519,4.531],[118.579,4.557]]],[[[118.754,4.623],[118.779,4.606],[118.748,4.619],[118.722,4.597],[118.754,4.623]]],[[[118.41,4.706],[118.431,4.689],[118.388,4.695],[118.41,4.706]]],[[[118.461,4.716],[118.466,4.715],[118.476,4.715],[118.448,4.702],[118.461,4.716]]],[[[118.787,4.582],[118.782,4.607],[118.787,4.582]]],[[[118.605,4.486],[118.599,4.51],[118.605,4.486]]],[[[118.61,4.553],[118.608,4.55],[118.594,4.55],[118.61,4.553]]],[[[118.977,4.077],[118.966,4.068],[118.966,4.094],[118.977,4.077]]],[[[118.501,4.573],[118.501,4.573]]],[[[118.769,4.259],[118.769,4.259]]],[[[118.761,4.411],[118.753,4.424],[118.761,4.411]]],[[[118.59,4.352],[118.59,4.352]]],[[[118.662,4.388],[118.662,4.388]]],[[[118.697,4.069],[118.688,4.067],[118.68,4.074],[118.682,4.078],[118.697,4.069]]],[[[118.582,4.575],[118.582,4.575]]],[[[118.881,4.311],[118.881,4.311]]],[[[118.856,4.519],[118.856,4.519]]],[[[118.568,4.336],[118.568,4.336]]],[[[118.864,4.3],[118.864,4.3]]],[[[118.958,4.568],[118.958,4.568]]],[[[118.668,4.557],[118.668,4.557]]],[[[118.871,4.587],[118.871,4.587]]],[[[118.599,4.364],[118.599,4.364]]],[[[118.697,4.569],[118.697,4.569]]],[[[118.636,4.245],[118.636,4.245]]],[[[118.942,4.464],[118.942,4.464]]],[[[118.687,4.597],[118.687,4.597]]]]}},{"type":"Feature","properties":{"state":"Sabah","district":"Sandakan","code_state":12,"code_district":4,"code_state_district":"12_4"},"geometry":{"type":"MultiPolygon","coordinates":[[[[118.11,5.704],[118.11,5.704]]],[[[118.106,5.725],[118.106,5.725]]],[[[118.12,5.784],[118.089,5.773],[118.12,5.784]]],[[[118.009,5.791],[118.009,5.791]]],[[[118.158,5.692],[118.158,5.692]]],[[[118.111,5.726],[118.111,5.726]]],[[[118.139,5.748],[118.139,5.748]]],[[[118.187,5.802],[118.162,5.78],[118.146,5.8],[118.187,5.802]]],[[[118.188,5.803],[118.188,5.803]]],[[[118.231,5.841],[118.177,5.814],[118.153,5.825],[118.198,5.852],[118.161,5.841],[118.178,5.855],[118.231,5.841]]],[[[118.139,5.879],[118.145,5.858],[118.142,5.86],[118.139,5.879]]],[[[117.905,5.749],[117.915,5.751],[117.921,5.747],[117.905,5.749]]],[[[117.906,5.761],[117.875,5.752],[117.906,5.761]]],[[[117.893,5.767],[117.917,5.774],[117.893,5.767]]],[[[117.933,5.772],[117.933,5.772]]],[[[117.942,5.791],[117.977,5.79],[117.977,5.768],[118.008,5.779],[118.013,5.76],[117.968,5.745],[117.949,5.778],[117.912,5.786],[117.942,5.791]]],[[[117.9,5.785],[117.889,5.764],[117.855,5.775],[117.9,5.785]]],[[[118.009,6.055],[118.013,6.027],[118.048,6.035],[118.033,6.004],[118.052,5.976],[118.066,5.962],[118.045,5.931],[118.128,5.844],[118.025,5.793],[118.006,5.806],[118.017,5.845],[117.989,5.807],[117.947,5.821],[117.952,5.798],[117.862,5.81],[117.884,5.796],[117.849,5.786],[117.855,5.765],[117.948,5.725],[117.911,5.708],[117.934,5.716],[117.921,5.688],[117.952,5.692],[117.926,5.658],[117.986,5.684],[117.984,5.673],[117.974,5.663],[118.066,5.722],[118.056,5.686],[118.098,5.707],[118.099,5.67],[118.111,5.688],[118.143,5.645],[118.126,5.676],[118.173,5.681],[118.165,5.686],[118.155,5.697],[118.173,5.699],[118.126,5.729],[118.207,5.743],[118.156,5.768],[118.24,5.843],[118.272,5.829],[118.254,5.799],[118.28,5.823],[118.33,5.813],[118.281,5.761],[118.301,5.787],[118.311,5.772],[118.31,5.799],[118.342,5.786],[118.313,5.68],[118.271,5.662],[118.276,5.613],[118.252,5.597],[118.186,5.561],[118.151,5.565],[118.112,5.552],[118.112,5.493],[118.053,5.493],[118.053,5.534],[117.95,5.539],[117.904,5.571],[117.943,5.635],[117.901,5.652],[117.898,5.651],[117.844,5.607],[117.809,5.649],[117.817,5.688],[117.73,5.674],[117.619,5.846],[117.629,5.886],[117.648,5.905],[117.672,5.911],[117.757,5.906],[117.755,5.864],[117.763,5.868],[117.775,5.867],[117.753,5.941],[117.88,5.949],[117.981,6.07],[118.009,6.055]],[[118.052,5.879],[118.052,5.879]],[[118.031,5.886],[118.031,5.886]],[[118.049,5.881],[118.049,5.881]],[[118.055,5.879],[118.055,5.879]],[[118.087,5.87],[118.087,5.87]],[[118.09,5.87],[118.09,5.87]],[[118.074,5.822],[118.074,5.822]],[[118.086,5.866],[118.086,5.866]],[[118.05,5.88],[118.05,5.88]],[[118.086,5.868],[118.086,5.868]],[[118.086,5.867],[118.086,5.867]],[[118.072,5.818],[118.072,5.818]],[[118.087,5.869],[118.087,5.869]],[[118.091,5.87],[118.091,5.87]],[[118.088,5.87],[118.088,5.87]],[[118.092,5.87],[118.092,5.87]]],[[[118.088,5.907],[118.088,5.907]]],[[[118.102,5.92],[118.102,5.92]]],[[[118.015,6.119],[118.03,6.12],[118.015,6.119]]]]}},{"type":"Feature","properties":{"state":"Sabah","district":"Kinabatangan","code_state":12,"code_district":5,"code_state_district":"12_5"},"geometry":{"type":"MultiPolygon","coordinates":[[[[118.356,5.824],[118.546,5.703],[118.535,5.672],[118.567,5.687],[118.571,5.686],[118.589,5.663],[118.602,5.649],[118.589,5.634],[118.641,5.638],[118.751,5.524],[118.793,5.515],[118.809,5.426],[118.777,5.409],[118.773,5.425],[118.748,5.395],[118.759,5.349],[118.723,5.285],[118.345,5.298],[118.248,5.23],[117.96,5.18],[117.906,5.217],[117.848,5.207],[117.782,5.234],[117.761,5.188],[117.696,5.14],[117.701,5.136],[117.709,5.124],[117.683,5.113],[117.677,5.031],[117.62,5.013],[117.619,4.984],[117.501,4.945],[117.514,4.868],[117.475,4.84],[117.495,5.543],[117.448,5.593],[117.444,5.652],[117.608,5.666],[117.702,5.733],[117.73,5.674],[117.817,5.688],[117.809,5.649],[117.844,5.607],[117.898,5.651],[117.901,5.652],[117.943,5.635],[117.904,5.571],[117.95,5.539],[118.053,5.534],[118.053,5.493],[118.112,5.493],[118.112,5.552],[118.151,5.565],[118.186,5.561],[118.252,5.597],[118.276,5.613],[118.27,5.66],[118.313,5.68],[118.338,5.795],[118.358,5.799],[118.372,5.763],[118.356,5.824]]]]}},{"type":"Feature","properties":{"state":"Sabah","district":"Beluran","code_state":12,"code_district":6,"code_state_district":"12_6"},"geometry":{"type":"MultiPolygon","coordinates":[[[[116.938,6.275],[116.89,6.309],[116.901,6.317],[116.902,6.323],[117,6.356],[117.085,6.338],[117.093,6.39],[117.069,6.451],[117.119,6.479],[117.088,6.53],[117.128,6.538],[117.136,6.572],[117.187,6.56],[117.264,6.582],[117.284,6.625],[117.351,6.615],[117.392,6.593],[117.376,6.566],[117.46,6.559],[117.469,6.499],[117.474,6.56],[117.514,6.628],[117.547,6.536],[117.594,6.508],[117.59,6.495],[117.6,6.48],[117.572,6.477],[117.607,6.474],[117.596,6.496],[117.599,6.505],[117.608,6.508],[117.623,6.509],[117.647,6.47],[117.648,6.487],[117.651,6.496],[117.736,6.422],[117.729,6.394],[117.725,6.388],[117.711,6.41],[117.71,6.35],[117.708,6.347],[117.693,6.347],[117.721,6.334],[117.726,6.301],[117.702,6.298],[117.72,6.279],[117.708,6.262],[117.674,6.284],[117.712,6.247],[117.702,6.239],[117.696,6.231],[117.663,6.245],[117.644,6.297],[117.651,6.24],[117.616,6.237],[117.613,6.215],[117.589,6.226],[117.595,6.201],[117.559,6.182],[117.573,6.166],[117.539,6.148],[117.599,6.165],[117.621,6.109],[117.516,5.981],[117.607,6.06],[117.605,6.09],[117.613,6.099],[117.63,6.104],[117.648,6.06],[117.569,6.025],[117.578,5.977],[117.549,5.942],[117.571,5.926],[117.457,5.863],[117.552,5.912],[117.608,5.9],[117.605,5.885],[117.607,5.879],[117.648,5.905],[117.619,5.846],[117.702,5.733],[117.608,5.666],[117.592,5.664],[117.523,5.673],[117.48,5.663],[117.418,5.642],[117.425,5.688],[117.407,5.686],[117.371,5.799],[117.334,5.838],[117.33,5.968],[117.303,5.986],[117.303,5.982],[117.209,5.931],[117.198,5.842],[117.157,5.851],[117.124,5.933],[117.146,6.011],[117.124,6.047],[117.082,6.044],[117.126,6.118],[117.084,6.202],[117.037,6.196],[117.016,6.245],[116.938,6.275]]],[[[117.471,6.751],[117.5,6.696],[117.491,6.653],[117.396,6.622],[117.318,6.657],[117.347,6.683],[117.404,6.676],[117.438,6.698],[117.388,6.718],[117.383,6.738],[117.391,6.747],[117.471,6.751]]],[[[117.638,5.971],[117.639,5.966],[117.648,5.954],[117.623,5.93],[117.558,5.933],[117.636,6.026],[117.638,5.971]]],[[[117.62,6.028],[117.617,5.991],[117.572,5.986],[117.574,6.026],[117.62,6.028]]],[[[117.663,6.004],[117.671,6.001],[117.673,5.978],[117.65,5.96],[117.63,5.997],[117.663,6.004]]],[[[117.701,6.011],[117.697,5.976],[117.654,5.944],[117.701,6.011]]]]}},{"type":"Feature","properties":{"state":"Sabah","district":"Kota Kinabalu","code_state":12,"code_district":7,"code_state_district":"12_7"},"geometry":{"type":"MultiPolygon","coordinates":[[[[115.987,5.955],[115.987,5.955]]],[[[116.005,5.963],[116.005,5.963]]],[[[115.997,5.975],[115.997,5.975]]],[[[116.006,6.006],[116.006,6.006]]],[[[116.06,5.926],[116.037,5.913],[116.038,5.956],[116.108,6],[116.125,6.061],[116.126,6.089],[116.104,6.076],[116.084,6.108],[116.133,6.141],[116.139,6.098],[116.184,6.118],[116.212,6.037],[116.282,6.042],[116.267,5.979],[116.236,5.951],[116.279,5.858],[116.195,5.95],[116.06,5.926]],[[116.053,5.93],[116.053,5.93]],[[116.051,5.953],[116.051,5.953]],[[116.051,5.953],[116.051,5.953]]],[[[116.049,5.999],[116.008,6.011],[116.011,6.044],[116.063,6.018],[116.068,5.996],[116.049,5.999]]],[[[116.071,6.063],[116.071,6.063]]],[[[116.081,6.076],[116.081,6.076]]],[[[116.085,6.079],[116.085,6.079]]],[[[115.931,6.095],[115.943,6.116],[115.931,6.095]]]]}},{"type":"Feature","properties":{"state":"Sabah","district":"Ranau","code_state":12,"code_district":8,"code_state_district":"12_8"},"geometry":{"type":"MultiPolygon","coordinates":[[[[116.843,5.888],[116.845,5.861],[116.961,5.803],[116.993,5.728],[116.975,5.688],[116.902,5.668],[116.861,5.534],[116.822,5.519],[116.83,5.489],[116.631,5.532],[116.615,5.553],[116.549,5.549],[116.586,5.709],[116.538,5.788],[116.547,5.865],[116.441,5.921],[116.541,6.04],[116.59,6.168],[116.706,6.239],[116.774,6.224],[116.89,6.309],[117.016,6.245],[117.037,6.196],[117.084,6.202],[117.126,6.118],[117.086,6.078],[117.088,6.048],[117.027,6.045],[117.028,6.001],[116.992,5.959],[116.879,5.928],[116.875,5.921],[116.843,5.888]],[[116.65,5.934],[116.65,5.934]]]]}},{"type":"Feature","properties":{"state":"Sabah","district":"Kota Belud","code_state":12,"code_district":9,"code_state_district":"12_9"},"geometry":{"type":"MultiPolygon","coordinates":[[[[116.321,6.308],[116.32,6.371],[116.338,6.361],[116.337,6.388],[116.477,6.473],[116.574,6.65],[116.622,6.671],[116.649,6.634],[116.623,6.602],[116.58,6.418],[116.582,6.412],[116.602,6.401],[116.589,6.353],[116.639,6.336],[116.611,6.272],[116.637,6.2],[116.585,6.163],[116.512,5.998],[116.448,6.025],[116.417,6.096],[116.433,6.116],[116.413,6.207],[116.375,6.275],[116.285,6.287],[116.321,6.308]]],[[[116.344,6.718],[116.361,6.706],[116.344,6.718]]],[[[116.329,6.396],[116.329,6.396]]],[[[116.305,6.712],[116.305,6.712]]]]}},{"type":"Feature","properties":{"state":"Sabah","district":"Tuaran","code_state":12,"code_district":10,"code_state_district":"12_10"},"geometry":{"type":"MultiPolygon","coordinates":[[[[116.14,6.098],[116.141,6.16],[116.291,6.32],[116.285,6.287],[116.375,6.275],[116.414,6.202],[116.433,6.116],[116.418,6.094],[116.46,6.009],[116.493,6.003],[116.495,5.967],[116.405,5.895],[116.359,5.807],[116.253,5.896],[116.236,5.951],[116.267,5.979],[116.282,6.042],[116.212,6.037],[116.183,6.119],[116.14,6.098]]]]}},{"type":"Feature","properties":{"state":"Sabah","district":"Penampang","code_state":12,"code_district":11,"code_state_district":"12_11"},"geometry":{"type":"MultiPolygon","coordinates":[[[[116.059,5.924],[116.195,5.95],[116.269,5.858],[116.333,5.831],[116.324,5.762],[116.289,5.728],[116.217,5.742],[116.167,5.795],[116.07,5.835],[116.088,5.879],[116.059,5.895],[116.059,5.924]],[[116.075,5.924],[116.075,5.924]]]]}},{"type":"Feature","properties":{"state":"Sabah","district":"Papar","code_state":12,"code_district":12,"code_state_district":"12_12"},"geometry":{"type":"MultiPolygon","coordinates":[[[[116.034,5.831],[116.044,5.847],[116.134,5.815],[116.217,5.742],[116.289,5.728],[116.213,5.663],[116.177,5.689],[116.171,5.625],[116.105,5.605],[116.065,5.557],[116.052,5.464],[115.98,5.434],[115.968,5.358],[115.912,5.402],[115.88,5.394],[115.796,5.538],[115.871,5.582],[115.903,5.749],[116.034,5.831]]],[[[115.998,5.83],[115.998,5.83]]],[[[116.01,5.831],[116.01,5.831]]]]}},{"type":"Feature","properties":{"state":"Sabah","district":"Kudat","code_state":12,"code_district":13,"code_state_district":"12_13"},"geometry":{"type":"MultiPolygon","coordinates":[[[[116.641,6.714],[116.624,6.781],[116.666,6.822],[116.639,6.862],[116.676,6.881],[116.722,7.01],[116.751,7.032],[116.835,6.953],[116.848,6.874],[116.775,6.879],[116.796,6.851],[116.855,6.856],[116.837,6.84],[116.866,6.823],[116.857,6.772],[116.762,6.646],[116.633,6.685],[116.641,6.714]]],[[[117.061,7.088],[117.061,7.088]]],[[[117.1,7.114],[117.088,7.105],[117.1,7.114]]],[[[117.107,7.13],[117.107,7.13]]],[[[117.254,6.821],[117.283,6.839],[117.254,6.821]]],[[[117.542,6.984],[117.615,6.988],[117.63,6.975],[117.635,6.951],[117.61,6.916],[117.571,6.926],[117.542,6.984]]],[[[117.333,7.065],[117.346,7.039],[117.309,7.015],[117.262,7.06],[117.302,7.078],[117.333,7.065]]],[[[117.338,7.197],[117.324,7.204],[117.338,7.197]]],[[[117.142,7.129],[117.116,7.133],[117.148,7.155],[117.142,7.129]]],[[[117.182,7.158],[117.162,7.147],[117.202,7.173],[117.182,7.158]]],[[[117.279,7.349],[117.295,7.323],[117.262,7.275],[117.282,7.233],[117.26,7.19],[117.248,7.184],[117.242,7.184],[117.245,7.223],[117.223,7.186],[117.087,7.139],[117.071,7.102],[117.06,7.291],[117.123,7.313],[117.15,7.35],[117.279,7.349]],[[117.254,7.281],[117.254,7.281]]],[[[117.018,7.32],[117.021,7.273],[116.98,7.306],[116.977,7.305],[116.966,7.288],[116.982,7.243],[116.896,7.237],[116.865,7.215],[116.884,7.2],[116.85,7.197],[116.883,7.286],[116.968,7.311],[116.998,7.356],[117.018,7.32]]],[[[117.305,7.218],[117.321,7.241],[117.305,7.218]]],[[[117.332,7.221],[117.332,7.221]]],[[[117.294,7.269],[117.288,7.273],[117.286,7.288],[117.315,7.306],[117.294,7.269]]]]}},{"type":"Feature","properties":{"state":"Sabah","district":"Kota Marudu","code_state":12,"code_district":14,"code_state_district":"12_14"},"geometry":{"type":"MultiPolygon","coordinates":[[[[116.637,6.696],[116.759,6.659],[116.748,6.589],[116.798,6.552],[116.848,6.575],[116.857,6.614],[116.95,6.59],[116.98,6.486],[117.069,6.451],[117.093,6.39],[117.085,6.338],[116.979,6.352],[116.844,6.289],[116.84,6.286],[116.84,6.264],[116.774,6.224],[116.711,6.24],[116.637,6.2],[116.611,6.272],[116.639,6.336],[116.589,6.353],[116.602,6.401],[116.582,6.412],[116.58,6.418],[116.623,6.602],[116.649,6.634],[116.621,6.66],[116.637,6.696]]]]}},{"type":"Feature","properties":{"state":"Sabah","district":"Pitas","code_state":12,"code_district":15,"code_state_district":"12_15"},"geometry":{"type":"MultiPolygon","coordinates":[[[[117.143,7.011],[117.188,6.957],[117.241,6.944],[117.245,6.869],[117.21,6.818],[117.268,6.738],[117.235,6.705],[117.278,6.73],[117.257,6.699],[117.287,6.627],[117.264,6.582],[117.187,6.56],[117.136,6.572],[117.128,6.538],[117.094,6.54],[117.088,6.532],[117.086,6.516],[117.12,6.481],[117.069,6.451],[116.98,6.486],[116.95,6.59],[116.857,6.614],[116.976,6.704],[116.969,6.742],[117.021,6.828],[117.057,6.84],[117.087,6.806],[117.046,6.844],[117.021,6.937],[117.027,6.952],[117.031,6.953],[117.073,6.941],[117.054,6.977],[117.097,6.998],[117.121,6.984],[117.12,7.008],[117.125,7.01],[117.143,7.011]]],[[[116.923,6.666],[116.923,6.666]]]]}},{"type":"Feature","properties":{"state":"Sabah","district":"Beaufort","code_state":12,"code_district":16,"code_state_district":"12_16"},"geometry":{"type":"MultiPolygon","coordinates":[[[[115.783,5.534],[115.835,5.498],[115.88,5.394],[115.912,5.402],[115.968,5.358],[115.943,5.356],[115.917,5.282],[115.851,5.289],[115.775,5.156],[115.767,5.063],[115.71,5.041],[115.649,5.121],[115.6,5.152],[115.557,5.148],[115.605,5.225],[115.552,5.237],[115.553,5.195],[115.529,5.209],[115.512,5.192],[115.442,5.245],[115.477,5.282],[115.485,5.38],[115.524,5.39],[115.609,5.508],[115.659,5.509],[115.659,5.542],[115.783,5.534]]]]}},{"type":"Feature","properties":{"state":"Sabah","district":"Kuala Penyu","code_state":12,"code_district":17,"code_state_district":"12_17"},"geometry":{"type":"MultiPolygon","coordinates":[[[[115.521,5.407],[115.524,5.39],[115.485,5.38],[115.477,5.282],[115.442,5.245],[115.436,5.272],[115.421,5.26],[115.418,5.261],[115.427,5.28],[115.381,5.291],[115.398,5.333],[115.37,5.297],[115.339,5.297],[115.374,5.403],[115.546,5.541],[115.6,5.632],[115.621,5.614],[115.604,5.573],[115.659,5.542],[115.659,5.509],[115.609,5.508],[115.521,5.407]]],[[[115.646,5.736],[115.681,5.767],[115.691,5.765],[115.698,5.751],[115.668,5.705],[115.631,5.73],[115.646,5.736]]],[[[115.336,5.385],[115.336,5.385]]]]}},{"type":"Feature","properties":{"state":"Sabah","district":"Sipitang","code_state":12,"code_district":18,"code_state_district":"12_18"},"geometry":{"type":"MultiPolygon","coordinates":[[[[115.655,4.123],[115.614,4.171],[115.652,4.333],[115.572,4.372],[115.58,4.423],[115.546,4.481],[115.565,4.519],[115.53,4.598],[115.641,4.771],[115.639,4.844],[115.608,4.958],[115.579,4.987],[115.492,4.955],[115.439,4.968],[115.45,5.008],[115.499,5.024],[115.536,5.069],[115.543,5.137],[115.583,5.154],[115.649,5.121],[115.71,5.041],[115.744,5.058],[115.816,5.018],[115.802,4.875],[115.843,4.825],[115.81,4.626],[115.851,4.573],[115.857,4.303],[115.807,4.235],[115.764,4.245],[115.751,4.214],[115.703,4.195],[115.676,4.115],[115.655,4.123]],[[115.7,4.833],[115.7,4.833]]]]}},{"type":"Feature","properties":{"state":"Sabah","district":"Tenom","code_state":12,"code_district":19,"code_state_district":"12_19"},"geometry":{"type":"MultiPolygon","coordinates":[[[[116.018,5.357],[116.049,5.229],[115.989,4.935],[116.007,4.904],[116.029,4.918],[116.058,4.889],[116.081,4.819],[116.131,4.766],[116.091,4.616],[116.055,4.59],[116.034,4.606],[115.995,4.507],[115.953,4.5],[115.941,4.476],[115.931,4.444],[115.862,4.381],[115.851,4.573],[115.81,4.626],[115.842,4.8],[115.839,4.853],[115.802,4.875],[115.826,5],[115.791,5.047],[115.756,5.051],[115.768,5.128],[115.851,5.289],[115.877,5.301],[115.914,5.281],[115.934,5.301],[115.985,5.44],[116.018,5.357]]]]}},{"type":"Feature","properties":{"state":"Sabah","district":"Nabawan","code_state":12,"code_district":20,"code_state_district":"12_20"},"geometry":{"type":"MultiPolygon","coordinates":[[[[116.506,5.074],[116.537,4.995],[116.506,4.961],[116.514,4.88],[116.561,4.787],[116.559,4.743],[116.601,4.73],[116.613,4.731],[116.629,4.773],[116.682,4.8],[116.752,4.779],[116.762,4.806],[116.865,4.676],[116.81,4.601],[116.848,4.601],[116.866,4.589],[116.9,4.548],[116.969,4.542],[117.041,4.482],[117.008,4.436],[117.02,4.398],[116.833,4.326],[116.771,4.337],[116.739,4.381],[116.688,4.333],[116.614,4.334],[116.557,4.403],[116.516,4.354],[116.524,4.322],[116.481,4.329],[116.429,4.287],[116.419,4.322],[116.342,4.382],[116.264,4.358],[116.156,4.387],[116.14,4.339],[116.099,4.326],[116.066,4.274],[115.982,4.348],[115.91,4.357],[115.887,4.391],[115.953,4.5],[115.995,4.507],[116.034,4.606],[116.055,4.59],[116.091,4.616],[116.131,4.766],[116.081,4.838],[116.158,4.82],[116.237,4.995],[116.351,5.018],[116.356,5.058],[116.442,5.073],[116.47,5.112],[116.506,5.074]]]]}},{"type":"Feature","properties":{"state":"Sabah","district":"Keningau","code_state":12,"code_district":21,"code_state_district":"12_21"},"geometry":{"type":"MultiPolygon","coordinates":[[[[116.171,5.621],[116.255,5.525],[116.357,5.464],[116.412,5.518],[116.542,5.561],[116.675,5.534],[116.64,5.482],[116.661,5.433],[116.576,5.423],[116.578,5.361],[116.558,5.344],[116.579,5.295],[116.465,5.249],[116.438,5.202],[116.47,5.112],[116.467,5.102],[116.457,5.086],[116.356,5.058],[116.351,5.018],[116.311,4.998],[116.269,5.01],[116.232,4.992],[116.185,4.851],[116.153,4.817],[116.081,4.838],[116.058,4.889],[116.029,4.918],[116.007,4.904],[115.989,4.935],[116.049,5.229],[115.987,5.421],[116.052,5.464],[116.049,5.519],[116.105,5.605],[116.171,5.621]]]]}},{"type":"Feature","properties":{"state":"Sabah","district":"Tambunan","code_state":12,"code_district":22,"code_state_district":"12_22"},"geometry":{"type":"MultiPolygon","coordinates":[[[[116.468,5.91],[116.547,5.865],[116.537,5.792],[116.584,5.723],[116.577,5.646],[116.53,5.551],[116.412,5.518],[116.357,5.464],[116.189,5.591],[116.18,5.608],[116.168,5.624],[116.174,5.682],[116.213,5.663],[116.227,5.676],[116.239,5.679],[116.324,5.762],[116.332,5.82],[116.364,5.807],[116.385,5.832],[116.405,5.895],[116.468,5.91]]]]}},{"type":"Feature","properties":{"state":"Sabah","district":"Kunak","code_state":12,"code_district":23,"code_state_district":"12_23"},"geometry":{"type":"MultiPolygon","coordinates":[[[[118.115,4.86],[118.183,4.807],[118.18,4.763],[118.218,4.711],[118.258,4.697],[118.26,4.663],[118.318,4.627],[118.29,4.575],[118.245,4.554],[118.243,4.502],[118.216,4.576],[118.05,4.629],[117.956,4.61],[117.925,4.646],[117.834,4.598],[117.746,4.762],[117.813,4.722],[117.894,4.766],[117.941,4.752],[117.968,4.821],[118.019,4.864],[118.115,4.86]]],[[[118.319,4.801],[118.294,4.799],[118.319,4.801]]],[[[118.283,4.815],[118.267,4.823],[118.283,4.815]]],[[[118.28,4.792],[118.28,4.792]]],[[[118.3,4.77],[118.3,4.77]]],[[[118.304,4.783],[118.304,4.783]]],[[[118.226,4.727],[118.226,4.727]]],[[[118.3,4.765],[118.3,4.765]]]]}},{"type":"Feature","properties":{"state":"Sabah","district":"Tongod","code_state":12,"code_district":24,"code_state_district":"12_24"},"geometry":{"type":"MultiPolygon","coordinates":[[[[117.443,5.607],[117.495,5.543],[117.482,4.829],[117.456,4.776],[117.477,4.727],[117.473,4.706],[117.402,4.67],[117.289,4.755],[117.235,4.685],[117.082,4.697],[117.028,4.603],[117.123,4.538],[117.113,4.533],[117.07,4.524],[117.041,4.482],[116.969,4.542],[116.9,4.548],[116.866,4.589],[116.848,4.601],[116.81,4.601],[116.865,4.676],[116.762,4.806],[116.752,4.779],[116.682,4.8],[116.629,4.773],[116.613,4.731],[116.601,4.73],[116.559,4.743],[116.506,4.961],[116.537,4.995],[116.529,5.049],[116.463,5.122],[116.438,5.202],[116.465,5.249],[116.579,5.295],[116.558,5.344],[116.578,5.361],[116.576,5.423],[116.661,5.433],[116.64,5.482],[116.665,5.525],[116.83,5.489],[116.822,5.519],[116.861,5.534],[116.893,5.62],[116.96,5.584],[117.086,5.574],[117.081,5.539],[117.109,5.521],[117.278,5.541],[117.328,5.609],[117.444,5.652],[117.443,5.607]]]]}},{"type":"Feature","properties":{"state":"Sabah","district":"Putatan","code_state":12,"code_district":25,"code_state_district":"12_25"},"geometry":{"type":"MultiPolygon","coordinates":[[[[116.039,5.892],[116.057,5.925],[116.059,5.895],[116.088,5.879],[116.069,5.838],[116.042,5.847],[116.039,5.892]]]]}},{"type":"Feature","properties":{"state":"Sabah","district":"Telupid","code_state":12,"code_district":26,"code_state_district":"12_26"},"geometry":{"type":"MultiPolygon","coordinates":[[[[117.418,5.642],[117.328,5.609],[117.285,5.545],[117.278,5.541],[117.23,5.525],[117.143,5.539],[117.109,5.521],[117.081,5.539],[117.086,5.574],[116.96,5.584],[116.893,5.62],[116.894,5.649],[116.975,5.688],[116.993,5.728],[116.974,5.782],[116.845,5.861],[116.84,5.868],[116.843,5.888],[116.875,5.921],[116.879,5.928],[116.992,5.959],[117.028,6.001],[117.027,6.045],[117.124,6.047],[117.149,5.997],[117.131,5.985],[117.126,5.971],[117.139,5.879],[117.198,5.842],[117.209,5.931],[117.313,5.989],[117.34,5.91],[117.334,5.838],[117.371,5.799],[117.407,5.686],[117.425,5.688],[117.418,5.642]]]]}},{"type":"Feature","properties":{"state":"Sabah","district":"Kalabakan","code_state":12,"code_district":27,"code_state_district":"12_27"},"geometry":{"type":"MultiPolygon","coordinates":[[[[117.476,4.792],[117.539,4.789],[117.63,4.746],[117.73,4.775],[117.784,4.675],[117.82,4.654],[117.823,4.535],[117.715,4.448],[117.707,4.374],[117.671,4.391],[117.651,4.439],[117.591,4.411],[117.618,4.397],[117.579,4.393],[117.604,4.347],[117.594,4.319],[117.551,4.313],[117.64,4.276],[117.644,4.254],[117.626,4.245],[117.612,4.232],[117.553,4.266],[117.536,4.247],[117.491,4.266],[117.528,4.241],[117.561,4.251],[117.602,4.221],[117.595,4.203],[117.548,4.228],[117.501,4.209],[117.516,4.204],[117.533,4.192],[117.517,4.171],[117.472,4.18],[117.462,4.184],[117.406,4.252],[117.296,4.311],[117.249,4.366],[117.196,4.337],[117.032,4.347],[117.002,4.321],[116.995,4.344],[116.95,4.334],[116.941,4.34],[116.931,4.352],[117.003,4.378],[117.02,4.398],[117.026,4.408],[117.008,4.436],[117.07,4.524],[117.113,4.533],[117.123,4.538],[117.028,4.603],[117.067,4.687],[117.235,4.685],[117.289,4.755],[117.376,4.685],[117.402,4.67],[117.426,4.673],[117.473,4.706],[117.477,4.727],[117.456,4.776],[117.461,4.794],[117.464,4.803],[117.476,4.792]]],[[[117.696,4.264],[117.729,4.263],[117.748,4.258],[117.897,4.169],[117.682,4.17],[117.621,4.21],[117.666,4.264],[117.677,4.266],[117.696,4.264]]],[[[117.565,4.211],[117.616,4.163],[117.537,4.193],[117.548,4.222],[117.553,4.223],[117.565,4.211]]],[[[117.574,4.314],[117.651,4.28],[117.602,4.285],[117.574,4.314]]],[[[117.624,4.343],[117.61,4.303],[117.599,4.336],[117.615,4.359],[117.618,4.355],[117.624,4.343]]],[[[117.651,4.397],[117.625,4.392],[117.651,4.397]]],[[[117.671,4.412],[117.646,4.426],[117.671,4.412]]],[[[117.635,4.401],[117.635,4.401]]],[[[117.634,4.19],[117.631,4.188],[117.624,4.203],[117.634,4.19]]],[[[117.532,4.203],[117.532,4.203]]],[[[117.529,4.17],[117.529,4.17]]],[[[117.868,4.261],[117.868,4.261]]],[[[117.88,4.243],[117.88,4.243]]]]}},{"type":"Feature","properties":{"state":"Sarawak","district":"Kuching","code_state":13,"code_district":1,"code_state_district":"13_1"},"geometry":{"type":"MultiPolygon","coordinates":[[[[110.135,1.667],[110.146,1.701],[110.187,1.706],[110.202,1.687],[110.284,1.709],[110.29,1.681],[110.319,1.709],[110.303,1.738],[110.335,1.806],[110.372,1.685],[110.431,1.676],[110.443,1.729],[110.495,1.722],[110.506,1.75],[110.526,1.724],[110.478,1.66],[110.526,1.597],[110.471,1.589],[110.487,1.57],[110.474,1.519],[110.431,1.502],[110.408,1.516],[110.302,1.448],[110.359,1.413],[110.415,1.419],[110.419,1.369],[110.461,1.382],[110.482,1.355],[110.439,1.294],[110.449,1.266],[110.41,1.14],[110.331,1.214],[110.294,1.194],[110.274,1.052],[110.236,1.117],[110.203,1.119],[110.187,1.183],[110.151,1.2],[110.275,1.46],[110.196,1.496],[110.202,1.573],[110.114,1.524],[110.133,1.576],[110.19,1.591],[110.135,1.667]]]]}},{"type":"Feature","properties":{"state":"Sarawak","district":"Bau","code_state":13,"code_district":2,"code_state_district":"13_2"},"geometry":{"type":"MultiPolygon","coordinates":[[[[110.202,1.553],[110.196,1.496],[110.274,1.462],[110.27,1.418],[110.151,1.2],[110.061,1.209],[110.061,1.264],[109.977,1.302],[109.968,1.39],[109.927,1.428],[109.991,1.454],[109.997,1.463],[110.013,1.503],[110.034,1.501],[110.081,1.5],[110.158,1.56],[110.172,1.547],[110.201,1.573],[110.203,1.57],[110.202,1.553]]]]}},{"type":"Feature","properties":{"state":"Sarawak","district":"Lundu","code_state":13,"code_district":3,"code_state_district":"13_3"},"geometry":{"type":"MultiPolygon","coordinates":[[[[110.131,1.697],[110.189,1.589],[110.133,1.576],[110.085,1.501],[110.013,1.503],[109.986,1.451],[109.893,1.418],[109.836,1.425],[109.84,1.489],[109.803,1.471],[109.795,1.504],[109.663,1.623],[109.683,1.783],[109.583,1.796],[109.54,1.915],[109.564,1.939],[109.555,1.968],[109.622,1.984],[109.645,2.081],[109.667,1.985],[109.65,1.983],[109.65,1.914],[109.704,1.841],[109.853,1.787],[109.871,1.733],[109.931,1.686],[110.131,1.697]]],[[[109.778,1.913],[109.778,1.913]]],[[[110.092,1.734],[110.092,1.734]]],[[[109.768,1.891],[109.768,1.891]]]]}},{"type":"Feature","properties":{"state":"Sarawak","district":"Samarahan","code_state":13,"code_district":4,"code_state_district":"13_4"},"geometry":{"type":"MultiPolygon","coordinates":[[[[110.486,1.514],[110.652,1.513],[110.639,1.453],[110.535,1.361],[110.482,1.355],[110.461,1.382],[110.451,1.384],[110.419,1.369],[110.415,1.419],[110.364,1.412],[110.302,1.444],[110.408,1.516],[110.486,1.514]]]]}},{"type":"Feature","properties":{"state":"Sarawak","district":"Serian","code_state":13,"code_district":5,"code_state_district":"13_5"},"geometry":{"type":"MultiPolygon","coordinates":[[[[110.63,0.894],[110.628,0.896],[110.628,0.977],[110.52,0.993],[110.503,1.049],[110.407,1.138],[110.44,1.294],[110.499,1.363],[110.519,1.364],[110.536,1.361],[110.783,1.127],[110.824,1.112],[110.867,1.034],[110.843,1.031],[110.857,0.956],[110.797,0.946],[110.798,0.898],[110.76,0.929],[110.741,0.894],[110.704,0.903],[110.682,0.864],[110.63,0.894]]]]}},{"type":"Feature","properties":{"state":"Sarawak","district":"Simunjan","code_state":13,"code_district":6,"code_state_district":"13_6"},"geometry":{"type":"MultiPolygon","coordinates":[[[[110.753,1.551],[110.787,1.579],[111.006,1.498],[111.046,1.432],[111.111,1.409],[111.108,1.312],[111.072,1.21],[111.025,1.22],[110.942,1.189],[110.991,1.031],[110.902,1.029],[110.868,0.966],[110.843,1.031],[110.867,1.034],[110.824,1.111],[110.524,1.371],[110.639,1.453],[110.693,1.45],[110.743,1.477],[110.753,1.551]]]]}},{"type":"Feature","properties":{"state":"Sarawak","district":"Sri Aman","code_state":13,"code_district":7,"code_state_district":"13_7"},"geometry":{"type":"MultiPolygon","coordinates":[[[[111.509,1.278],[111.514,1.261],[111.513,1.26],[111.487,1.261],[111.507,1.198],[111.613,1.124],[111.662,1.046],[111.573,0.979],[111.547,0.983],[111.541,0.953],[111.482,1.038],[111.408,1.013],[111.229,1.089],[111.135,1.055],[110.973,1.041],[110.974,1.114],[110.942,1.189],[111.025,1.22],[111.071,1.208],[111.108,1.312],[111.111,1.409],[111.182,1.382],[111.196,1.395],[111.23,1.472],[111.458,1.394],[111.468,1.387],[111.509,1.278]]]]}},{"type":"Feature","properties":{"state":"Sarawak","district":"Lubok Antu","code_state":13,"code_district":8,"code_state_district":"13_8"},"geometry":{"type":"MultiPolygon","coordinates":[[[[111.818,1.587],[111.996,1.563],[112.027,1.487],[112.075,1.457],[112.192,1.443],[112.196,1.409],[112.226,1.397],[112.176,1.306],[112.143,1.186],[112.152,1.144],[111.934,1.119],[111.879,1.067],[111.866,1.015],[111.814,0.988],[111.762,1.022],[111.715,1.008],[111.662,1.045],[111.613,1.124],[111.519,1.181],[111.487,1.261],[111.626,1.33],[111.669,1.466],[111.72,1.468],[111.757,1.553],[111.818,1.587]]]]}},{"type":"Feature","properties":{"state":"Sarawak","district":"Betong","code_state":13,"code_district":9,"code_state_district":"13_9"},"geometry":{"type":"MultiPolygon","coordinates":[[[[111.23,1.472],[111.2,1.5],[111.188,1.518],[111.252,1.553],[111.294,1.553],[111.308,1.55],[111.343,1.519],[111.356,1.581],[111.306,1.631],[111.371,1.667],[111.436,1.626],[111.508,1.69],[111.554,1.653],[111.621,1.658],[111.658,1.632],[111.73,1.659],[111.779,1.58],[111.722,1.469],[111.669,1.465],[111.626,1.33],[111.522,1.274],[111.458,1.394],[111.23,1.472]]]]}},{"type":"Feature","properties":{"state":"Sarawak","district":"Saratok","code_state":13,"code_district":10,"code_state_district":"13_10"},"geometry":{"type":"MultiPolygon","coordinates":[[[[111.166,1.713],[111.355,1.864],[111.453,1.905],[111.512,1.862],[111.515,1.806],[111.631,1.743],[111.62,1.658],[111.555,1.653],[111.508,1.69],[111.437,1.626],[111.385,1.665],[111.166,1.713]]]]}},{"type":"Feature","properties":{"state":"Sarawak","district":"Sarikei","code_state":13,"code_district":11,"code_state_district":"13_11"},"geometry":{"type":"MultiPolygon","coordinates":[[[[111.49,2.233],[111.502,2.216],[111.535,2.194],[111.589,2.189],[111.585,2.129],[111.632,2],[111.49,1.886],[111.455,1.891],[111.412,1.98],[111.287,1.998],[111.283,2.045],[111.261,2.022],[111.201,2.072],[111.205,2.087],[111.212,2.097],[111.253,2.065],[111.223,2.092],[111.248,2.135],[111.347,2.104],[111.356,2.153],[111.381,2.148],[111.375,2.189],[111.403,2.17],[111.482,2.232],[111.474,2.249],[111.49,2.233]]]]}},{"type":"Feature","properties":{"state":"Sarawak","district":"Maradong","code_state":13,"code_district":12,"code_state_district":"13_12"},"geometry":{"type":"MultiPolygon","coordinates":[[[[111.582,2.327],[111.586,2.293],[111.624,2.264],[111.681,2.288],[111.713,2.225],[111.787,2.159],[111.79,2.054],[111.755,2.003],[111.638,1.98],[111.585,2.129],[111.59,2.187],[111.535,2.194],[111.46,2.26],[111.493,2.346],[111.547,2.363],[111.554,2.329],[111.582,2.327]]]]}},{"type":"Feature","properties":{"state":"Sarawak","district":"Daro","code_state":13,"code_district":13,"code_state_district":"13_13"},"geometry":{"type":"MultiPolygon","coordinates":[[[[111.284,2.425],[111.3,2.508],[111.282,2.724],[111.334,2.806],[111.409,2.768],[111.427,2.666],[111.562,2.551],[111.59,2.48],[111.573,2.449],[111.604,2.387],[111.594,2.384],[111.59,2.377],[111.61,2.376],[111.602,2.326],[111.557,2.326],[111.547,2.363],[111.493,2.346],[111.483,2.356],[111.435,2.382],[111.358,2.342],[111.335,2.375],[111.332,2.405],[111.284,2.425]]]]}},{"type":"Feature","properties":{"state":"Sarawak","district":"Julau","code_state":13,"code_district":14,"code_state_district":"13_14"},"geometry":{"type":"MultiPolygon","coordinates":[[[[111.921,2.073],[111.971,2.042],[111.957,1.927],[112.02,1.902],[112.05,1.857],[112.025,1.854],[112.021,1.823],[112.093,1.758],[112.17,1.741],[112.215,1.666],[112.163,1.663],[112.165,1.626],[112.061,1.613],[112.063,1.583],[111.997,1.562],[111.898,1.563],[111.893,1.621],[111.872,1.633],[111.89,1.683],[111.83,1.709],[111.769,1.777],[111.775,1.889],[111.713,1.989],[111.755,2.003],[111.794,2.053],[111.921,2.073]]]]}},{"type":"Feature","properties":{"state":"Sarawak","district":"Sibu","code_state":13,"code_district":15,"code_state_district":"13_15"},"geometry":{"type":"MultiPolygon","coordinates":[[[[111.994,2.533],[112.004,2.439],[112.112,2.364],[112.096,2.334],[112.153,2.278],[112.103,2.217],[112.11,2.18],[112.045,2.065],[111.99,2.081],[111.788,2.05],[111.787,2.159],[111.713,2.225],[111.695,2.272],[111.671,2.288],[111.628,2.262],[111.586,2.293],[111.578,2.322],[111.602,2.326],[111.602,2.352],[111.61,2.374],[111.59,2.377],[111.587,2.439],[111.595,2.442],[111.692,2.453],[111.841,2.527],[111.994,2.533]]]]}},{"type":"Feature","properties":{"state":"Sarawak","district":"Dalat","code_state":13,"code_district":16,"code_state_district":"13_16"},"geometry":{"type":"MultiPolygon","coordinates":[[[[111.983,2.867],[112.022,2.771],[112.036,2.746],[112.053,2.73],[112.164,2.638],[112.21,2.516],[111.994,2.533],[111.926,2.657],[111.858,2.666],[111.838,2.694],[111.841,2.766],[111.777,2.858],[111.983,2.867]]]]}},{"type":"Feature","properties":{"state":"Sarawak","district":"Mukah","code_state":13,"code_district":17,"code_state_district":"13_17"},"geometry":{"type":"MultiPolygon","coordinates":[[[[112.708,3.069],[112.724,2.994],[112.7,2.85],[112.579,2.847],[112.575,2.754],[112.544,2.767],[112.344,2.602],[112.264,2.576],[112.197,2.587],[112.195,2.556],[112.164,2.638],[112.05,2.732],[112.033,2.749],[112.009,2.802],[111.978,2.878],[112.554,3.022],[112.583,3.008],[112.586,3.011],[112.586,3.03],[112.708,3.069]]]]}},{"type":"Feature","properties":{"state":"Sarawak","district":"Kanowit","code_state":13,"code_district":18,"code_state_district":"13_18"},"geometry":{"type":"MultiPolygon","coordinates":[[[[112.163,2.181],[112.269,2.183],[112.408,2.147],[112.4,2.073],[112.374,2.056],[112.425,1.992],[112.47,1.992],[112.485,1.967],[112.445,1.881],[112.415,1.857],[112.369,1.86],[112.451,1.794],[112.394,1.751],[112.303,1.745],[112.242,1.674],[112.187,1.689],[112.17,1.741],[112.093,1.758],[112.022,1.822],[112.047,1.864],[111.948,1.949],[111.968,1.999],[111.959,2.065],[111.991,2.081],[112.045,2.065],[112.111,2.193],[112.163,2.181]]]]}},{"type":"Feature","properties":{"state":"Sarawak","district":"Bintulu","code_state":13,"code_district":19,"code_state_district":"13_19"},"geometry":{"type":"MultiPolygon","coordinates":[[[[113.529,3.442],[113.319,3.216],[113.234,3.205],[113.193,3.161],[113.188,3.087],[113.205,3.079],[113.06,2.984],[113.016,2.979],[112.974,2.92],[112.923,2.916],[112.952,2.937],[112.927,2.97],[112.942,3.029],[112.898,3.03],[112.875,3.107],[113.017,3.176],[113.073,3.252],[113.048,3.267],[113.276,3.492],[113.291,3.551],[113.421,3.717],[113.468,3.682],[113.507,3.608],[113.479,3.472],[113.529,3.442]]]]}},{"type":"Feature","properties":{"state":"Sarawak","district":"Tatau","code_state":13,"code_district":20,"code_state_district":"13_20"},"geometry":{"type":"MultiPolygon","coordinates":[[[[112.881,3.091],[112.898,3.03],[112.942,3.029],[112.927,2.97],[112.952,2.937],[112.925,2.914],[112.973,2.92],[112.997,2.953],[113.042,2.95],[113.062,2.907],[113.093,2.94],[113.146,2.903],[113.219,2.913],[113.236,2.858],[113.286,2.834],[113.274,2.802],[113.288,2.791],[113.294,2.782],[113.252,2.763],[113.239,2.723],[113.341,2.694],[113.49,2.748],[113.498,2.731],[113.573,2.735],[113.625,2.779],[113.667,2.766],[113.686,2.794],[113.716,2.754],[113.646,2.675],[113.641,2.608],[113.599,2.642],[113.531,2.564],[113.471,2.534],[113.476,2.562],[113.443,2.545],[113.405,2.591],[113.379,2.56],[113.276,2.548],[113.09,2.458],[113.019,2.447],[113.003,2.42],[113.022,2.351],[113.012,2.34],[112.994,2.326],[112.994,2.29],[112.902,2.267],[112.891,2.177],[112.836,2.179],[112.818,2.149],[112.622,2.199],[112.685,2.211],[112.703,2.234],[112.681,2.249],[112.759,2.231],[112.797,2.25],[112.777,2.264],[112.808,2.277],[112.794,2.296],[112.679,2.297],[112.641,2.382],[112.678,2.394],[112.717,2.472],[112.711,2.51],[112.746,2.535],[112.711,2.669],[112.782,2.634],[112.849,2.667],[112.813,2.694],[112.744,2.695],[112.705,2.731],[112.785,2.786],[112.732,2.8],[112.735,2.832],[112.7,2.848],[112.724,2.994],[112.708,3.069],[112.871,3.107],[112.881,3.091]]]]}},{"type":"Feature","properties":{"state":"Sarawak","district":"Kapit","code_state":13,"code_district":21,"code_state_district":"13_21"},"geometry":{"type":"MultiPolygon","coordinates":[[[[113.248,1.853],[113.148,1.866],[113.083,1.848],[113.053,1.82],[113.041,1.796],[112.967,1.761],[112.905,1.781],[112.853,1.833],[112.787,1.976],[112.659,1.975],[112.656,2.01],[112.651,2.183],[112.818,2.149],[112.836,2.179],[112.89,2.176],[112.909,2.238],[112.895,2.26],[112.994,2.291],[113.022,2.352],[113.003,2.42],[113.018,2.446],[113.09,2.458],[113.276,2.548],[113.379,2.56],[113.408,2.591],[113.444,2.544],[113.316,2.481],[113.358,2.384],[113.399,2.371],[113.448,2.393],[113.46,2.423],[113.476,2.41],[113.484,2.409],[113.542,2.435],[113.553,2.4],[113.665,2.468],[113.65,2.421],[113.693,2.411],[113.685,2.366],[113.719,2.296],[113.669,2.312],[113.667,2.308],[113.649,2.293],[113.525,2.294],[113.474,2.27],[113.411,2.219],[113.282,2.214],[113.271,2.146],[113.129,2.151],[113.118,2.005],[113.175,1.947],[113.185,1.926],[113.26,1.884],[113.248,1.853]]]]}},{"type":"Feature","properties":{"state":"Sarawak","district":"Song","code_state":13,"code_district":22,"code_state_district":"13_22"},"geometry":{"type":"MultiPolygon","coordinates":[[[[112.87,1.57],[112.841,1.538],[112.754,1.574],[112.673,1.56],[112.479,1.579],[112.423,1.526],[112.31,1.502],[112.199,1.438],[112.075,1.457],[112.027,1.487],[111.997,1.562],[112.063,1.583],[112.061,1.613],[112.165,1.626],[112.163,1.663],[112.213,1.661],[112.205,1.695],[112.243,1.675],[112.304,1.745],[112.394,1.751],[112.451,1.793],[112.369,1.86],[112.415,1.857],[112.445,1.881],[112.484,1.975],[112.425,1.992],[112.374,2.057],[112.4,2.073],[112.41,2.154],[112.575,2.191],[112.651,2.183],[112.656,2.01],[112.659,1.975],[112.787,1.976],[112.854,1.831],[112.954,1.762],[112.915,1.691],[112.866,1.684],[112.922,1.677],[112.931,1.637],[112.907,1.584],[112.87,1.57]]]]}},{"type":"Feature","properties":{"state":"Sarawak","district":"Belaga","code_state":13,"code_district":23,"code_state_district":"13_23"},"geometry":{"type":"MultiPolygon","coordinates":[[[[115.083,2.818],[115.156,2.785],[115.1,2.716],[115.118,2.647],[115.087,2.606],[115.11,2.581],[115.173,2.606],[115.234,2.537],[115.207,2.48],[115.138,2.477],[115.094,2.409],[115.045,2.408],[114.993,2.349],[114.958,2.367],[114.945,2.326],[114.965,2.293],[114.911,2.257],[114.903,2.279],[114.814,2.268],[114.782,2.197],[114.786,2.134],[114.812,2.104],[114.796,2.086],[114.646,2.048],[114.353,1.988],[114.052,1.966],[113.951,2.019],[113.874,2.084],[113.801,2.214],[113.691,2.34],[113.693,2.411],[113.65,2.421],[113.667,2.467],[113.553,2.4],[113.544,2.435],[113.484,2.409],[113.476,2.41],[113.46,2.423],[113.448,2.393],[113.384,2.369],[113.316,2.481],[113.475,2.562],[113.465,2.534],[113.529,2.563],[113.599,2.642],[113.643,2.609],[113.646,2.675],[113.716,2.754],[113.686,2.794],[113.713,2.859],[113.818,2.995],[113.822,3.034],[113.898,3.097],[113.908,3.16],[113.939,3.174],[113.922,3.232],[114.048,3.356],[114.058,3.307],[114.13,3.297],[114.185,3.341],[114.235,3.304],[114.332,3.162],[114.322,3.146],[114.266,3.187],[114.249,3.16],[114.343,3.061],[114.398,3.055],[114.431,2.965],[114.494,2.943],[114.501,2.901],[114.542,2.865],[114.619,2.859],[114.726,2.706],[114.857,2.702],[114.941,2.673],[115.032,2.732],[115.056,2.806],[115.083,2.818]]]]}},{"type":"Feature","properties":{"state":"Sarawak","district":"Miri","code_state":13,"code_district":24,"code_state_district":"13_24"},"geometry":{"type":"MultiPolygon","coordinates":[[[[115.115,3.479],[115.11,3.514],[115.245,3.778],[115.058,3.947],[115.096,4.074],[115.118,4.08],[115.173,4.026],[115.177,3.964],[115.276,3.887],[115.286,3.855],[115.372,3.81],[115.428,3.83],[115.448,3.808],[115.506,3.883],[115.486,3.905],[115.519,3.932],[115.617,3.875],[115.571,3.65],[115.61,3.51],[115.657,3.439],[115.624,3.408],[115.609,3.447],[115.584,3.448],[115.544,3.364],[115.518,3.202],[115.565,3.163],[115.516,3.11],[115.515,3.056],[115.482,3.019],[115.452,3.027],[115.393,2.98],[115.324,2.981],[115.297,3.079],[115.139,3.335],[115.115,3.479]]],[[[113.802,4.097],[113.968,4.331],[113.999,4.458],[113.971,4.599],[114.159,4.569],[114.166,4.483],[114.218,4.384],[114.165,4.294],[114.08,4.28],[114.077,4.226],[113.921,4.191],[113.816,4.073],[113.802,4.097]]]]}},{"type":"Feature","properties":{"state":"Sarawak","district":"Marudi","code_state":13,"code_district":25,"code_state_district":"13_25"},"geometry":{"type":"MultiPolygon","coordinates":[[[[114.368,3.964],[114.33,3.981],[114.318,4.015],[114.287,3.996],[114.301,3.951],[114.256,3.897],[114.262,3.954],[114.21,4.074],[114.209,4.134],[114.231,4.163],[114.242,4.181],[114.072,4.24],[114.08,4.28],[114.165,4.294],[114.192,4.342],[114.218,4.38],[114.16,4.502],[114.171,4.559],[114.248,4.505],[114.263,4.483],[114.303,4.409],[114.306,4.357],[114.33,4.337],[114.324,4.319],[114.316,4.264],[114.419,4.253],[114.451,4.279],[114.498,4.146],[114.544,4.128],[114.555,4.082],[114.627,4.032],[114.612,4.002],[114.711,4.038],[114.82,4.167],[114.92,4.15],[114.98,4.112],[115.011,4.137],[115.06,4.13],[115.118,4.082],[115.096,4.074],[115.058,3.947],[115.003,3.887],[114.962,3.872],[114.936,3.907],[114.867,3.926],[114.73,3.863],[114.608,3.872],[114.591,3.822],[114.553,3.805],[114.462,3.797],[114.462,3.823],[114.441,3.824],[114.468,3.867],[114.436,3.886],[114.455,3.913],[114.428,3.956],[114.415,3.954],[114.368,3.964]],[[114.936,3.907],[114.936,3.907]]]]}},{"type":"Feature","properties":{"state":"Sarawak","district":"Limbang","code_state":13,"code_district":26,"code_state_district":"13_26"},"geometry":{"type":"MultiPolygon","coordinates":[[[[115.49,4.053],[115.478,4.006],[115.508,3.998],[115.518,3.929],[115.486,3.903],[115.506,3.883],[115.448,3.808],[115.428,3.83],[115.372,3.81],[115.286,3.855],[115.276,3.887],[115.177,3.964],[115.173,4.026],[115.078,4.123],[115.013,4.137],[114.98,4.112],[114.921,4.149],[114.795,4.158],[114.858,4.27],[114.814,4.253],[114.869,4.336],[114.884,4.421],[114.829,4.433],[114.779,4.732],[114.829,4.747],[114.846,4.784],[114.851,4.792],[114.897,4.816],[114.971,4.808],[114.988,4.87],[114.998,4.882],[115.021,4.897],[115.037,4.876],[115.066,4.889],[115.033,4.818],[115.054,4.787],[115.022,4.749],[115.043,4.731],[115.041,4.62],[115.095,4.492],[115.093,4.385],[115.239,4.366],[115.253,4.331],[115.268,4.337],[115.295,4.337],[115.323,4.296],[115.29,4.235],[115.366,4.181],[115.438,4.183],[115.503,4.088],[115.49,4.053]]]]}},{"type":"Feature","properties":{"state":"Sarawak","district":"Lawas","code_state":13,"code_district":27,"code_state_district":"13_27"},"geometry":{"type":"MultiPolygon","coordinates":[[[[115.643,3.971],[115.559,3.917],[115.504,3.936],[115.508,3.998],[115.478,4.006],[115.503,4.088],[115.46,4.16],[115.417,4.191],[115.366,4.181],[115.288,4.239],[115.361,4.334],[115.275,4.443],[115.263,4.543],[115.29,4.615],[115.255,4.65],[115.269,4.684],[115.229,4.755],[115.239,4.802],[115.186,4.867],[115.15,4.874],[115.196,4.965],[115.224,4.967],[115.247,4.915],[115.323,4.891],[115.386,4.909],[115.422,4.977],[115.492,4.955],[115.565,4.992],[115.608,4.958],[115.641,4.771],[115.53,4.598],[115.565,4.519],[115.546,4.481],[115.58,4.423],[115.572,4.372],[115.652,4.333],[115.614,4.171],[115.671,4.093],[115.643,3.971]]]]}},{"type":"Feature","properties":{"state":"Sarawak","district":"Matu","code_state":13,"code_district":28,"code_state_district":"13_28"},"geometry":{"type":"MultiPolygon","coordinates":[[[[111.787,2.837],[111.841,2.766],[111.849,2.727],[111.847,2.721],[111.83,2.708],[111.855,2.668],[111.926,2.657],[111.994,2.533],[111.841,2.527],[111.692,2.453],[111.581,2.441],[111.59,2.48],[111.562,2.551],[111.427,2.666],[111.409,2.697],[111.594,2.793],[111.632,2.845],[111.775,2.859],[111.787,2.837]]]]}},{"type":"Feature","properties":{"state":"Sarawak","district":"Asajaya","code_state":13,"code_district":29,"code_state_district":"13_29"},"geometry":{"type":"MultiPolygon","coordinates":[[[[110.679,1.451],[110.678,1.45],[110.639,1.453],[110.652,1.513],[110.474,1.519],[110.487,1.57],[110.47,1.589],[110.606,1.614],[110.677,1.568],[110.747,1.557],[110.747,1.481],[110.679,1.451]]]]}},{"type":"Feature","properties":{"state":"Sarawak","district":"Pakan","code_state":13,"code_district":30,"code_state_district":"13_30"},"geometry":{"type":"MultiPolygon","coordinates":[[[[111.636,1.989],[111.733,1.972],[111.775,1.889],[111.765,1.784],[111.83,1.709],[111.89,1.683],[111.872,1.633],[111.893,1.621],[111.892,1.575],[111.779,1.578],[111.73,1.659],[111.629,1.638],[111.629,1.749],[111.503,1.82],[111.513,1.86],[111.49,1.887],[111.589,1.979],[111.636,1.989]]]]}},{"type":"Feature","properties":{"state":"Sarawak","district":"Selangau","code_state":13,"code_district":31,"code_state_district":"13_31"},"geometry":{"type":"MultiPolygon","coordinates":[[[[112.701,2.845],[112.735,2.832],[112.732,2.8],[112.785,2.786],[112.745,2.747],[112.708,2.745],[112.724,2.707],[112.814,2.694],[112.849,2.667],[112.782,2.634],[112.711,2.669],[112.746,2.535],[112.711,2.51],[112.717,2.471],[112.639,2.363],[112.679,2.297],[112.799,2.294],[112.807,2.276],[112.777,2.265],[112.795,2.248],[112.758,2.231],[112.682,2.249],[112.703,2.234],[112.686,2.212],[112.626,2.206],[112.615,2.181],[112.459,2.175],[112.409,2.146],[112.112,2.193],[112.106,2.203],[112.103,2.217],[112.155,2.288],[112.097,2.333],[112.112,2.364],[112.004,2.439],[111.994,2.533],[112.21,2.516],[112.189,2.584],[112.264,2.576],[112.344,2.602],[112.544,2.767],[112.575,2.754],[112.579,2.847],[112.701,2.845]]]]}},{"type":"Feature","properties":{"state":"Sarawak","district":"Tebedu","code_state":13,"code_district":32,"code_state_district":"13_32"},"geometry":{"type":"MultiPolygon","coordinates":[[[[110.325,1.215],[110.503,1.049],[110.52,0.993],[110.628,0.977],[110.62,0.87],[110.566,0.855],[110.484,0.877],[110.398,0.953],[110.387,0.996],[110.343,0.988],[110.332,1.012],[110.273,0.998],[110.288,1.174],[110.325,1.215]]]]}},{"type":"Feature","properties":{"state":"Sarawak","district":"Pusa","code_state":13,"code_district":33,"code_state_district":"13_33"},"geometry":{"type":"MultiPolygon","coordinates":[[[[111.065,1.711],[111.146,1.68],[111.152,1.694],[111.167,1.714],[111.371,1.667],[111.306,1.631],[111.356,1.581],[111.343,1.519],[111.275,1.554],[111.252,1.553],[111.188,1.518],[111.2,1.5],[111.23,1.472],[111.17,1.376],[111.056,1.426],[111.009,1.496],[110.947,1.515],[110.994,1.539],[111.012,1.646],[111.065,1.711]]]]}},{"type":"Feature","properties":{"state":"Sarawak","district":"Kabong","code_state":13,"code_district":34,"code_state_district":"13_34"},"geometry":{"type":"MultiPolygon","coordinates":[[[[111.102,1.698],[111.104,1.702],[111.068,1.721],[111.201,2.072],[111.261,2.022],[111.283,2.045],[111.287,1.998],[111.418,1.975],[111.453,1.905],[111.355,1.864],[111.185,1.745],[111.146,1.68],[111.124,1.687],[111.102,1.698]]]]}},{"type":"Feature","properties":{"state":"Sarawak","district":"Tanjung Manis","code_state":13,"code_district":35,"code_state_district":"13_35"},"geometry":{"type":"MultiPolygon","coordinates":[[[[111.175,2.356],[111.19,2.398],[111.238,2.442],[111.253,2.448],[111.332,2.405],[111.335,2.375],[111.358,2.342],[111.435,2.382],[111.483,2.356],[111.493,2.346],[111.458,2.288],[111.482,2.232],[111.403,2.17],[111.375,2.189],[111.333,2.119],[111.242,2.153],[111.178,2.141],[111.149,2.177],[111.151,2.192],[111.175,2.23],[111.175,2.356]]]]}},{"type":"Feature","properties":{"state":"Sarawak","district":"Sebauh","code_state":13,"code_district":36,"code_state_district":"13_36"},"geometry":{"type":"MultiPolygon","coordinates":[[[[112.989,2.951],[113.205,3.079],[113.188,3.087],[113.193,3.161],[113.234,3.205],[113.319,3.216],[113.468,3.394],[113.559,3.462],[113.677,3.432],[113.665,3.387],[113.687,3.352],[113.746,3.379],[113.757,3.321],[113.791,3.322],[113.88,3.445],[113.907,3.523],[113.956,3.524],[113.957,3.601],[113.98,3.595],[114.017,3.48],[113.98,3.449],[113.993,3.391],[114.04,3.421],[114.069,3.384],[113.922,3.232],[113.939,3.174],[113.908,3.16],[113.898,3.097],[113.821,3.033],[113.819,2.996],[113.668,2.767],[113.626,2.78],[113.573,2.735],[113.498,2.731],[113.49,2.748],[113.337,2.694],[113.232,2.735],[113.294,2.782],[113.288,2.791],[113.274,2.802],[113.286,2.834],[113.236,2.858],[113.219,2.913],[113.146,2.903],[113.093,2.94],[113.062,2.907],[113.039,2.952],[112.989,2.951]]]]}},{"type":"Feature","properties":{"state":"Sarawak","district":"Bukit Mabong","code_state":13,"code_district":37,"code_state_district":"13_37"},"geometry":{"type":"MultiPolygon","coordinates":[[[[114.104,1.458],[113.951,1.44],[113.815,1.367],[113.829,1.334],[113.801,1.3],[113.7,1.269],[113.665,1.219],[113.63,1.22],[113.583,1.308],[113.538,1.323],[113.421,1.285],[113.327,1.376],[113.144,1.389],[113.106,1.445],[113.024,1.408],[112.975,1.411],[112.983,1.451],[113.04,1.474],[113.064,1.553],[112.999,1.578],[112.924,1.571],[112.907,1.584],[112.93,1.61],[112.926,1.671],[112.866,1.684],[112.919,1.694],[112.948,1.741],[112.934,1.752],[112.934,1.756],[113.041,1.796],[113.053,1.82],[113.083,1.848],[113.26,1.864],[113.118,2.005],[113.129,2.151],[113.271,2.146],[113.282,2.214],[113.411,2.219],[113.474,2.27],[113.525,2.294],[113.649,2.293],[113.667,2.308],[113.669,2.312],[113.719,2.296],[113.808,2.202],[113.874,2.084],[113.951,2.019],[114.052,1.966],[114.386,1.995],[114.793,2.085],[114.81,2.024],[114.885,2.037],[114.849,1.964],[114.879,1.915],[114.787,1.849],[114.719,1.857],[114.724,1.831],[114.69,1.808],[114.715,1.686],[114.673,1.613],[114.642,1.582],[114.612,1.579],[114.615,1.513],[114.569,1.432],[114.408,1.523],[114.3,1.458],[114.24,1.45],[114.211,1.411],[114.143,1.466],[114.104,1.458]]]]}},{"type":"Feature","properties":{"state":"Sarawak","district":"Subis","code_state":13,"code_district":38,"code_state_district":"13_38"},"geometry":{"type":"MultiPolygon","coordinates":[[[[113.421,3.706],[113.436,3.758],[113.701,3.959],[113.802,4.097],[113.816,4.073],[113.921,4.191],[113.995,4.198],[113.961,4.148],[114.035,3.93],[114.029,3.877],[113.983,3.845],[114.017,3.793],[113.979,3.741],[114.028,3.708],[113.955,3.597],[113.956,3.524],[113.907,3.523],[113.803,3.331],[113.757,3.321],[113.746,3.379],[113.688,3.351],[113.665,3.387],[113.683,3.427],[113.676,3.432],[113.65,3.444],[113.591,3.465],[113.53,3.441],[113.481,3.469],[113.507,3.602],[113.468,3.679],[113.421,3.706]]]]}},{"type":"Feature","properties":{"state":"Sarawak","district":"Beluru","code_state":13,"code_district":39,"code_state_district":"13_39"},"geometry":{"type":"MultiPolygon","coordinates":[[[[114.285,3.918],[114.301,3.951],[114.286,3.995],[114.318,4.015],[114.348,3.963],[114.368,3.964],[114.412,3.955],[114.41,3.863],[114.409,3.853],[114.362,3.762],[114.366,3.642],[114.313,3.564],[114.253,3.589],[114.271,3.527],[114.31,3.481],[114.41,3.447],[114.479,3.335],[114.571,3.276],[114.641,3.128],[114.716,3.1],[114.692,3.028],[114.688,3.028],[114.665,3.053],[114.542,3.051],[114.54,3.049],[114.535,2.989],[114.562,2.924],[114.534,2.872],[114.493,2.943],[114.431,2.965],[114.398,3.055],[114.343,3.061],[114.248,3.16],[114.266,3.187],[114.322,3.146],[114.332,3.162],[114.235,3.304],[114.185,3.341],[114.13,3.297],[114.057,3.307],[114.061,3.401],[114.037,3.421],[113.993,3.391],[113.98,3.449],[114.017,3.482],[113.962,3.608],[114.028,3.708],[113.98,3.74],[114.017,3.793],[113.982,3.84],[114.029,3.877],[114.035,3.932],[113.961,4.148],[114,4.207],[114.078,4.232],[114.195,4.194],[114.242,4.181],[114.231,4.163],[114.209,4.134],[114.21,4.07],[114.262,3.954],[114.256,3.897],[114.285,3.918]]]]}},{"type":"Feature","properties":{"state":"Sarawak","district":"Telang Usan","code_state":13,"code_district":40,"code_state_district":"13_40"},"geometry":{"type":"MultiPolygon","coordinates":[[[[114.412,3.946],[114.412,3.955],[114.428,3.956],[114.455,3.913],[114.436,3.886],[114.462,3.887],[114.468,3.859],[114.441,3.824],[114.462,3.823],[114.465,3.796],[114.591,3.822],[114.608,3.872],[114.73,3.863],[114.867,3.926],[114.973,3.873],[115.058,3.947],[115.12,3.903],[115.243,3.784],[115.245,3.778],[115.11,3.514],[115.115,3.479],[115.139,3.335],[115.297,3.079],[115.295,3.04],[115.25,2.966],[115.163,2.927],[115.125,2.856],[115.057,2.807],[115.032,2.732],[114.947,2.675],[114.726,2.706],[114.619,2.859],[114.534,2.872],[114.562,2.924],[114.535,2.989],[114.54,3.049],[114.542,3.051],[114.665,3.053],[114.688,3.028],[114.692,3.028],[114.716,3.1],[114.641,3.128],[114.571,3.276],[114.479,3.335],[114.41,3.447],[114.31,3.481],[114.271,3.527],[114.253,3.589],[114.313,3.564],[114.366,3.642],[114.362,3.762],[114.409,3.853],[114.41,3.863],[114.412,3.946]]]]}},{"type":"Feature","properties":{"state":"W.P. Kuala Lumpur","district":"W.P. Kuala Lumpur","code_state":14,"code_district":1,"code_state_district":"14_1"},"geometry":{"type":"MultiPolygon","coordinates":[[[[101.667,3.244],[101.715,3.216],[101.74,3.237],[101.757,3.2],[101.732,3.176],[101.754,3.107],[101.731,3.039],[101.714,3.058],[101.653,3.05],[101.659,3.117],[101.613,3.155],[101.636,3.231],[101.667,3.244]]]]}},{"type":"Feature","properties":{"state":"W.P. Labuan","district":"W.P. Labuan","code_state":15,"code_district":1,"code_state_district":"15_1"},"geometry":{"type":"MultiPolygon","coordinates":[[[[115.158,5.251],[115.198,5.347],[115.252,5.393],[115.269,5.289],[115.253,5.272],[115.235,5.286],[115.241,5.242],[115.213,5.28],[115.158,5.251]]],[[[115.316,5.282],[115.327,5.263],[115.316,5.282]]],[[[115.13,5.228],[115.142,5.219],[115.13,5.228]]],[[[115.273,5.253],[115.273,5.253]]],[[[115.143,5.186],[115.143,5.186]]],[[[115.148,5.201],[115.148,5.201]]],[[[115.192,5.237],[115.192,5.237]]]]}},{"type":"Feature","properties":{"state":"W.P. Putrajaya","district":"W.P. Putrajaya","code_state":16,"code_district":1,"code_state_district":"16_1"},"geometry":{"type":"MultiPolygon","coordinates":[[[[101.699,2.972],[101.731,2.929],[101.706,2.929],[101.673,2.876],[101.661,2.964],[101.699,2.972]]]]}}]}