{"type":"FeatureCollection","features":[{"type":"Feature","properties":{"state":"Perlis","parlimen":"P.001 Padang Besar","code_state":9,"code_parlimen":"P.001"},"geometry":{"type":"MultiPolygon","coordinates":[[[[100.205,6.722],[100.238,6.692],[100.29,6.71],[100.327,6.665],[100.305,6.606],[100.354,6.568],[100.366,6.485],[100.235,6.458],[100.185,6.51],[100.171,6.694],[100.205,6.722]]]]}},{"type":"Feature","properties":{"state":"Perlis","parlimen":"P.002 Kangar","code_state":9,"code_parlimen":"P.002"},"geometry":{"type":"MultiPolygon","coordinates":[[[[100.165,6.571],[100.245,6.454],[100.235,6.421],[100.204,6.431],[100.199,6.371],[100.141,6.372],[100.12,6.415],[100.165,6.571]]]]}},{"type":"Feature","properties":{"state":"Perlis","parlimen":"P.003 Arau","code_state":9,"code_parlimen":"P.003"},"geometry":{"type":"MultiPolygon","coordinates":[[[[100.366,6.483],[100.196,6.258],[100.14,6.373],[100.199,6.371],[100.204,6.431],[100.243,6.427],[100.242,6.466],[100.366,6.483]]]]}},{"type":"Feature","properties":{"state":"Kedah","parlimen":"P.004 Langkawi","code_state":2,"code_parlimen":"P.004"},"geometry":{"type":"MultiPolygon","coordinates":[[[[99.797,6.159],[99.797,6.159]]],[[[99.801,6.159],[99.801,6.159]]],[[[99.78,6.165],[99.78,6.165]]],[[[99.776,6.166],[99.776,6.166]]],[[[99.814,6.166],[99.814,6.166]]],[[[99.78,6.166],[99.78,6.166]]],[[[99.775,6.168],[99.775,6.168]]],[[[99.813,6.166],[99.813,6.166]]],[[[99.775,6.168],[99.775,6.168]]],[[[99.788,6.172],[99.788,6.172]]],[[[99.784,6.182],[99.784,6.182]]],[[[99.781,6.18],[99.781,6.18]]],[[[99.836,6.189],[99.836,6.189]]],[[[99.837,6.189],[99.837,6.189]]],[[[99.835,6.188],[99.835,6.188]]],[[[99.786,6.185],[99.786,6.185]]],[[[99.843,6.191],[99.843,6.191]]],[[[99.842,6.192],[99.842,6.192]]],[[[99.845,6.194],[99.845,6.194]]],[[[99.843,6.194],[99.843,6.194]]],[[[99.831,6.206],[99.831,6.206]]],[[[99.769,6.204],[99.769,6.204]]],[[[99.862,6.21],[99.862,6.21]]],[[[99.861,6.211],[99.861,6.211]]],[[[99.834,6.212],[99.834,6.212]]],[[[99.863,6.216],[99.863,6.216]]],[[[99.766,6.214],[99.766,6.214]]],[[[99.758,6.222],[99.758,6.222]]],[[[99.734,6.221],[99.749,6.195],[99.724,6.178],[99.734,6.221]]],[[[99.748,6.231],[99.748,6.231]]],[[[99.744,6.23],[99.744,6.23]]],[[[99.713,6.234],[99.713,6.234]]],[[[99.873,6.234],[99.873,6.234]]],[[[99.872,6.239],[99.872,6.239]]],[[[99.715,6.244],[99.715,6.244]]],[[[99.87,6.244],[99.87,6.244]]],[[[99.723,6.243],[99.723,6.243]]],[[[99.877,6.243],[99.877,6.243]]],[[[99.744,6.252],[99.744,6.252]]],[[[99.771,6.256],[99.771,6.256]]],[[[99.743,6.257],[99.743,6.257]]],[[[99.748,6.264],[99.748,6.264]]],[[[99.782,6.264],[99.782,6.264]]],[[[99.856,6.265],[99.856,6.265]]],[[[99.759,6.265],[99.759,6.265]]],[[[99.845,6.269],[99.854,6.213],[99.821,6.233],[99.845,6.269]]],[[[99.885,6.265],[99.885,6.265]]],[[[99.88,6.271],[99.88,6.271]]],[[[99.722,6.269],[99.722,6.269]]],[[[99.875,6.273],[99.875,6.273]]],[[[99.711,6.273],[99.711,6.273]]],[[[99.71,6.275],[99.71,6.275]]],[[[99.873,6.275],[99.873,6.275]]],[[[99.867,6.285],[99.867,6.285]]],[[[99.869,6.292],[99.869,6.292]]],[[[99.705,6.293],[99.705,6.293]]],[[[99.712,6.294],[99.712,6.294]]],[[[99.837,6.294],[99.814,6.167],[99.768,6.219],[99.837,6.294]]],[[[99.881,6.297],[99.881,6.297]]],[[[99.887,6.3],[99.887,6.3]]],[[[99.697,6.304],[99.697,6.304]]],[[[99.933,6.306],[99.933,6.306]]],[[[99.945,6.314],[99.945,6.314]]],[[[99.929,6.323],[99.922,6.293],[99.884,6.311],[99.929,6.323]]],[[[99.672,6.358],[99.672,6.358]]],[[[99.742,6.429],[99.742,6.429]]],[[[99.674,6.434],[99.674,6.434]]],[[[99.915,6.423],[99.914,6.4],[99.915,6.423]]],[[[99.778,6.448],[99.778,6.448]]],[[[99.795,6.455],[99.795,6.455]]],[[[99.893,6.453],[99.907,6.414],[99.893,6.453]]],[[[99.79,6.453],[99.79,6.453]]],[[[99.834,6.47],[99.91,6.393],[99.914,6.335],[99.861,6.291],[99.807,6.321],[99.729,6.259],[99.717,6.355],[99.653,6.363],[99.641,6.435],[99.732,6.432],[99.733,6.408],[99.829,6.46],[99.845,6.439],[99.834,6.47]]]]}},{"type":"Feature","properties":{"state":"Kedah","parlimen":"P.005 Jerlun","code_state":2,"code_parlimen":"P.005"},"geometry":{"type":"MultiPolygon","coordinates":[[[[100.356,6.448],[100.39,6.374],[100.378,6.31],[100.333,6.311],[100.364,6.217],[100.348,6.231],[100.281,6.223],[100.257,6.183],[100.201,6.282],[100.356,6.448]]]]}},{"type":"Feature","properties":{"state":"Kedah","parlimen":"P.006 Kubang Pasu","code_state":2,"code_parlimen":"P.006"},"geometry":{"type":"MultiPolygon","coordinates":[[[[100.376,6.543],[100.603,6.469],[100.502,6.349],[100.521,6.262],[100.42,6.2],[100.364,6.217],[100.349,6.289],[100.333,6.284],[100.389,6.335],[100.355,6.448],[100.376,6.543]]]]}},{"type":"Feature","properties":{"state":"Kedah","parlimen":"P.007 Padang Terap","code_state":2,"code_parlimen":"P.007"},"geometry":{"type":"MultiPolygon","coordinates":[[[[100.738,6.495],[100.753,6.457],[100.813,6.441],[100.857,6.161],[100.804,6.156],[100.785,6.059],[100.736,6.038],[100.716,5.958],[100.657,6.028],[100.64,6.139],[100.596,6.162],[100.587,6.216],[100.543,6.191],[100.529,6.211],[100.502,6.347],[100.603,6.469],[100.652,6.443],[100.738,6.495]]]]}},{"type":"Feature","properties":{"state":"Kedah","parlimen":"P.008 Pokok Sena","code_state":2,"code_parlimen":"P.008"},"geometry":{"type":"MultiPolygon","coordinates":[[[[100.51,6.253],[100.543,6.191],[100.587,6.216],[100.64,6.113],[100.542,6.107],[100.516,6.076],[100.46,6.082],[100.418,6.13],[100.38,6.1],[100.395,6.205],[100.471,6.211],[100.51,6.253]]]]}},{"type":"Feature","properties":{"state":"Kedah","parlimen":"P.009 Alor Setar","code_state":2,"code_parlimen":"P.009"},"geometry":{"type":"MultiPolygon","coordinates":[[[[100.358,6.178],[100.386,6.164],[100.38,6.099],[100.418,6.13],[100.474,6.085],[100.459,6.052],[100.376,6.041],[100.364,6.106],[100.317,6.119],[100.355,6.132],[100.358,6.178]]]]}},{"type":"Feature","properties":{"state":"Kedah","parlimen":"P.010 Kuala Kedah","code_state":2,"code_parlimen":"P.010"},"geometry":{"type":"MultiPolygon","coordinates":[[[[100.348,6.231],[100.399,6.21],[100.397,6.182],[100.379,6.16],[100.354,6.178],[100.355,6.132],[100.317,6.119],[100.364,6.106],[100.41,5.971],[100.348,5.973],[100.257,6.183],[100.281,6.223],[100.348,6.231]]]]}},{"type":"Feature","properties":{"state":"Kedah","parlimen":"P.011 Pendang","code_state":2,"code_parlimen":"P.011"},"geometry":{"type":"MultiPolygon","coordinates":[[[[100.608,6.121],[100.642,6.113],[100.657,6.028],[100.698,5.993],[100.602,5.84],[100.464,5.868],[100.386,6.043],[100.608,6.121]]]]}},{"type":"Feature","properties":{"state":"Kedah","parlimen":"P.012 Jerai","code_state":2,"code_parlimen":"P.012"},"geometry":{"type":"MultiPolygon","coordinates":[[[[100.388,5.974],[100.427,5.965],[100.464,5.868],[100.626,5.828],[100.624,5.777],[100.553,5.774],[100.508,5.719],[100.496,5.745],[100.448,5.732],[100.435,5.787],[100.393,5.719],[100.352,5.718],[100.347,5.971],[100.388,5.974]]]]}},{"type":"Feature","properties":{"state":"Kedah","parlimen":"P.013 Sik","code_state":2,"code_parlimen":"P.013"},"geometry":{"type":"MultiPolygon","coordinates":[[[[100.977,6.28],[101.028,6.241],[101.109,6.237],[101.126,6.195],[101.057,6.141],[101.127,6.095],[101.1,6.051],[100.96,6.04],[100.871,5.994],[100.9,5.913],[100.859,5.768],[100.889,5.734],[100.87,5.695],[100.858,5.724],[100.745,5.719],[100.697,5.684],[100.603,5.827],[100.61,5.89],[100.675,5.972],[100.717,5.958],[100.736,6.038],[100.785,6.059],[100.804,6.156],[100.856,6.156],[100.872,6.265],[100.905,6.233],[100.977,6.28]]]]}},{"type":"Feature","properties":{"state":"Kedah","parlimen":"P.014 Merbok","code_state":2,"code_parlimen":"P.014"},"geometry":{"type":"MultiPolygon","coordinates":[[[[100.618,5.804],[100.659,5.766],[100.646,5.698],[100.672,5.669],[100.614,5.588],[100.527,5.658],[100.406,5.633],[100.35,5.7],[100.435,5.787],[100.448,5.732],[100.496,5.745],[100.508,5.719],[100.553,5.774],[100.619,5.773],[100.618,5.804]]]]}},{"type":"Feature","properties":{"state":"Kedah","parlimen":"P.015 Sungai Petani","code_state":2,"code_parlimen":"P.015"},"geometry":{"type":"MultiPolygon","coordinates":[[[[100.347,5.671],[100.407,5.633],[100.527,5.658],[100.614,5.569],[100.567,5.53],[100.54,5.565],[100.34,5.578],[100.347,5.671]]]]}},{"type":"Feature","properties":{"state":"Kedah","parlimen":"P.016 Baling","code_state":2,"code_parlimen":"P.016"},"geometry":{"type":"MultiPolygon","coordinates":[[[[101.109,6.043],[101.124,5.976],[101.085,5.912],[101.029,5.915],[100.987,5.78],[100.942,5.764],[100.981,5.723],[100.966,5.647],[100.922,5.619],[100.945,5.582],[100.93,5.508],[100.883,5.494],[100.814,5.392],[100.73,5.415],[100.679,5.545],[100.603,5.551],[100.664,5.635],[100.655,5.74],[100.699,5.684],[100.745,5.719],[100.858,5.724],[100.87,5.695],[100.889,5.734],[100.859,5.768],[100.9,5.913],[100.871,5.994],[100.96,6.04],[101.109,6.043]]]]}},{"type":"Feature","properties":{"state":"Kedah","parlimen":"P.017 Padang Serai","code_state":2,"code_parlimen":"P.017"},"geometry":{"type":"MultiPolygon","coordinates":[[[[100.639,5.565],[100.708,5.495],[100.713,5.421],[100.649,5.429],[100.628,5.37],[100.525,5.364],[100.524,5.368],[100.529,5.556],[100.567,5.53],[100.639,5.565]]]]}},{"type":"Feature","properties":{"state":"Kedah","parlimen":"P.018 Kulim-Bandar Baharu","code_state":2,"code_parlimen":"P.018"},"geometry":{"type":"MultiPolygon","coordinates":[[[[100.722,5.444],[100.73,5.415],[100.812,5.392],[100.846,5.416],[100.864,5.436],[100.849,5.351],[100.735,5.313],[100.73,5.268],[100.563,5.079],[100.511,5.096],[100.496,5.141],[100.55,5.143],[100.525,5.364],[100.628,5.37],[100.649,5.429],[100.711,5.418],[100.722,5.444]]]]}},{"type":"Feature","properties":{"state":"Kelantan","parlimen":"P.019 Tumpat","code_state":3,"code_parlimen":"P.019"},"geometry":{"type":"MultiPolygon","coordinates":[[[[102.113,6.226],[102.174,6.2],[102.224,6.219],[102.248,6.171],[102.219,6.089],[102.09,6.15],[102.087,6.244],[102.09,6.243],[102.113,6.226]]]]}},{"type":"Feature","properties":{"state":"Kelantan","parlimen":"P.020 Pengkalan Chepa","code_state":3,"code_parlimen":"P.020"},"geometry":{"type":"MultiPolygon","coordinates":[[[[102.222,6.225],[102.34,6.17],[102.335,6.112],[102.293,6.103],[102.263,6.153],[102.232,6.135],[102.248,6.173],[102.222,6.225]]]]}},{"type":"Feature","properties":{"state":"Kelantan","parlimen":"P.021 Kota Bharu","code_state":3,"code_parlimen":"P.021"},"geometry":{"type":"MultiPolygon","coordinates":[[[[102.266,6.15],[102.291,6.11],[102.22,6.085],[102.266,6.15]]]]}},{"type":"Feature","properties":{"state":"Kelantan","parlimen":"P.022 Pasir Mas","code_state":3,"code_parlimen":"P.022"},"geometry":{"type":"MultiPolygon","coordinates":[[[[102.099,6.149],[102.219,6.089],[102.222,6.074],[102.217,6.061],[102.042,6.028],[102.025,6.063],[102.099,6.149]]]]}},{"type":"Feature","properties":{"state":"Kelantan","parlimen":"P.023 Rantau Panjang","code_state":3,"code_parlimen":"P.023"},"geometry":{"type":"MultiPolygon","coordinates":[[[[102.025,6.052],[102.182,6.009],[102.207,5.965],[102.182,5.886],[102.031,5.895],[101.973,5.935],[101.923,5.91],[101.976,6.032],[102.025,6.052]]]]}},{"type":"Feature","properties":{"state":"Kelantan","parlimen":"P.024 Kubang Kerian","code_state":3,"code_parlimen":"P.024"},"geometry":{"type":"MultiPolygon","coordinates":[[[[102.286,6.111],[102.348,6.064],[102.318,6.022],[102.234,6.024],[102.206,5.972],[102.145,6.033],[102.286,6.111]]]]}},{"type":"Feature","properties":{"state":"Kelantan","parlimen":"P.025 Bachok","code_state":3,"code_parlimen":"P.025"},"geometry":{"type":"MultiPolygon","coordinates":[[[[102.365,6.139],[102.47,5.917],[102.403,5.884],[102.345,5.941],[102.278,5.952],[102.342,6.009],[102.315,6.038],[102.348,6.064],[102.307,6.111],[102.335,6.112],[102.34,6.17],[102.348,6.162],[102.365,6.139]]]]}},{"type":"Feature","properties":{"state":"Kelantan","parlimen":"P.026 Ketereh","code_state":3,"code_parlimen":"P.026"},"geometry":{"type":"MultiPolygon","coordinates":[[[[102.321,6.033],[102.332,5.978],[102.278,5.952],[102.27,5.9],[102.196,5.915],[102.234,6.024],[102.321,6.033]]]]}},{"type":"Feature","properties":{"state":"Kelantan","parlimen":"P.027 Tanah Merah","code_state":3,"code_parlimen":"P.027"},"geometry":{"type":"MultiPolygon","coordinates":[[[[101.995,5.922],[102.182,5.886],[102.146,5.691],[102.109,5.689],[102.099,5.599],[102.053,5.581],[102.016,5.512],[101.97,5.538],[101.944,5.61],[101.976,5.653],[101.955,5.703],[102.004,5.739],[102.024,5.82],[101.96,5.899],[101.96,5.924],[101.973,5.935],[101.983,5.932],[101.995,5.922]]]]}},{"type":"Feature","properties":{"state":"Kelantan","parlimen":"P.028 Pasir Puteh","code_state":3,"code_parlimen":"P.028"},"geometry":{"type":"MultiPolygon","coordinates":[[[[102.345,5.941],[102.403,5.884],[102.47,5.917],[102.536,5.846],[102.431,5.745],[102.394,5.748],[102.397,5.774],[102.376,5.743],[102.326,5.748],[102.278,5.817],[102.27,5.931],[102.345,5.941]]]]}},{"type":"Feature","properties":{"state":"Kelantan","parlimen":"P.029 Machang","code_state":3,"code_parlimen":"P.029"},"geometry":{"type":"MultiPolygon","coordinates":[[[[102.207,5.913],[102.277,5.883],[102.313,5.757],[102.375,5.742],[102.397,5.774],[102.394,5.748],[102.431,5.745],[102.359,5.67],[102.19,5.669],[102.194,5.636],[102.121,5.627],[102.107,5.686],[102.146,5.691],[102.207,5.913]]]]}},{"type":"Feature","properties":{"state":"Kelantan","parlimen":"P.030 Jeli","code_state":3,"code_parlimen":"P.030"},"geometry":{"type":"MultiPolygon","coordinates":[[[[101.96,5.913],[101.993,5.829],[102.024,5.82],[102.004,5.739],[101.955,5.703],[101.976,5.653],[101.944,5.61],[101.994,5.475],[101.904,5.348],[101.883,5.351],[101.853,5.352],[101.738,5.398],[101.742,5.51],[101.656,5.52],[101.687,5.586],[101.653,5.609],[101.658,5.663],[101.718,5.788],[101.761,5.795],[101.825,5.733],[101.836,5.789],[101.929,5.853],[101.933,5.905],[101.96,5.913]]]]}},{"type":"Feature","properties":{"state":"Kelantan","parlimen":"P.031 Kuala Krai","code_state":3,"code_parlimen":"P.031"},"geometry":{"type":"MultiPolygon","coordinates":[[[[102.379,5.682],[102.408,5.545],[102.381,5.518],[102.385,5.41],[102.442,5.364],[102.418,5.299],[102.349,5.294],[102.292,5.255],[102.253,5.253],[102.132,5.255],[102.139,5.175],[102.074,5.176],[101.821,5.289],[101.787,5.358],[101.741,5.396],[101.904,5.348],[101.975,5.435],[101.961,5.434],[101.959,5.456],[101.989,5.458],[101.995,5.529],[102.031,5.518],[102.11,5.639],[102.379,5.682]]]]}},{"type":"Feature","properties":{"state":"Kelantan","parlimen":"P.032 Gua Musang","code_state":3,"code_parlimen":"P.032"},"geometry":{"type":"MultiPolygon","coordinates":[[[[101.767,5.375],[101.787,5.358],[101.821,5.289],[102.074,5.176],[102.139,5.175],[102.132,5.255],[102.253,5.253],[102.292,5.255],[102.349,5.294],[102.418,5.299],[102.411,5.182],[102.528,5.108],[102.498,5.073],[102.52,5.025],[102.505,4.902],[102.652,4.841],[102.664,4.771],[102.599,4.77],[102.604,4.688],[102.55,4.711],[102.501,4.668],[102.448,4.712],[102.379,4.714],[102.343,4.642],[102.271,4.661],[102.223,4.627],[102.116,4.761],[102.049,4.725],[101.964,4.765],[101.904,4.609],[101.888,4.673],[101.801,4.763],[101.775,4.75],[101.764,4.622],[101.623,4.546],[101.523,4.613],[101.471,4.573],[101.372,4.614],[101.333,4.695],[101.388,4.72],[101.402,4.843],[101.446,4.859],[101.424,4.984],[101.485,5.09],[101.522,5.271],[101.546,5.263],[101.608,5.348],[101.672,5.325],[101.738,5.353],[101.738,5.398],[101.767,5.375]]]]}},{"type":"Feature","properties":{"state":"Terengganu","parlimen":"P.033 Besut","code_state":11,"code_parlimen":"P.033"},"geometry":{"type":"MultiPolygon","coordinates":[[[[102.616,5.829],[102.616,5.829]]],[[[102.56,5.831],[102.672,5.724],[102.644,5.707],[102.55,5.74],[102.518,5.696],[102.548,5.608],[102.616,5.578],[102.622,5.522],[102.588,5.485],[102.585,5.371],[102.525,5.332],[102.445,5.356],[102.382,5.417],[102.405,5.545],[102.384,5.689],[102.535,5.846],[102.549,5.836],[102.56,5.831]]],[[[102.771,5.912],[102.742,5.882],[102.771,5.912]]],[[[102.667,5.942],[102.667,5.942]]],[[[102.722,5.94],[102.727,5.893],[102.722,5.94]]],[[[102.667,5.942],[102.667,5.942]]],[[[102.668,5.959],[102.668,5.959]]],[[[102.655,5.961],[102.655,5.961]]],[[[102.664,5.961],[102.664,5.961]]],[[[102.678,5.962],[102.678,5.962]]],[[[102.683,5.96],[102.683,5.96]]],[[[102.667,5.962],[102.667,5.962]]],[[[102.661,5.966],[102.661,5.966]]]]}},{"type":"Feature","properties":{"state":"Terengganu","parlimen":"P.034 Setiu","code_state":11,"code_parlimen":"P.034"},"geometry":{"type":"MultiPolygon","coordinates":[[[[102.985,5.571],[102.985,5.571]]],[[[102.985,5.572],[102.985,5.572]]],[[[103.067,5.596],[103.067,5.596]]],[[[103.07,5.624],[103.07,5.624]]],[[[102.968,5.64],[102.968,5.64]]],[[[102.968,5.642],[102.968,5.642]]],[[[102.955,5.645],[102.955,5.645]]],[[[102.955,5.645],[102.955,5.645]]],[[[102.954,5.647],[102.954,5.647]]],[[[103.07,5.654],[103.07,5.654]]],[[[103.073,5.665],[103.073,5.665]]],[[[103.073,5.667],[103.073,5.667]]],[[[102.998,5.731],[102.998,5.731]]],[[[103.02,5.733],[103.02,5.733]]],[[[102.932,5.523],[102.978,5.523],[103.086,5.416],[102.983,5.37],[102.968,5.434],[102.909,5.445],[102.907,5.306],[102.988,5.223],[102.929,5.187],[102.851,5.266],[102.772,5.223],[102.726,5.259],[102.722,5.332],[102.681,5.345],[102.682,5.396],[102.654,5.39],[102.652,5.436],[102.588,5.484],[102.622,5.52],[102.616,5.578],[102.548,5.608],[102.518,5.696],[102.55,5.74],[102.644,5.707],[102.672,5.724],[102.932,5.523]]],[[[103.032,5.739],[103.032,5.739]]],[[[103.007,5.735],[103.007,5.735]]],[[[103.029,5.751],[103.029,5.751]]],[[[103.03,5.757],[103.03,5.757]]],[[[103.039,5.772],[103.039,5.772]]],[[[103.036,5.773],[103.036,5.773]]],[[[103.06,5.774],[103.06,5.774]]],[[[103.043,5.776],[103.043,5.776]]],[[[102.905,5.791],[102.905,5.791]]],[[[103.014,5.814],[103.014,5.786],[103.044,5.786],[102.999,5.748],[103.014,5.814]]]]}},{"type":"Feature","properties":{"state":"Terengganu","parlimen":"P.035 Kuala Nerus","code_state":11,"code_parlimen":"P.035"},"geometry":{"type":"MultiPolygon","coordinates":[[[[103.018,5.394],[103.055,5.382],[103.05,5.412],[103.085,5.418],[103.144,5.344],[103.051,5.3],[102.988,5.223],[102.907,5.306],[102.909,5.445],[102.968,5.434],[102.983,5.37],[103.018,5.394]]]]}},{"type":"Feature","properties":{"state":"Terengganu","parlimen":"P.036 Kuala Terengganu","code_state":11,"code_parlimen":"P.036"},"geometry":{"type":"MultiPolygon","coordinates":[[[[103.14,5.338],[103.175,5.25],[103.088,5.299],[103.14,5.338]]]]}},{"type":"Feature","properties":{"state":"Terengganu","parlimen":"P.037 Marang","code_state":11,"code_parlimen":"P.037"},"geometry":{"type":"MultiPolygon","coordinates":[[[[103.268,5.231],[103.268,5.231]]],[[[103.268,5.232],[103.268,5.232]]],[[[103.273,5.213],[103.269,5.233],[103.274,5.222],[103.273,5.213]]],[[[103.266,5.234],[103.266,5.234]]],[[[103.264,5.233],[103.264,5.233]]],[[[103.098,5.282],[103.143,5.28],[103.156,5.249],[103.186,5.267],[103.388,4.878],[103.369,4.858],[103.234,4.909],[103.204,4.999],[103.049,5.153],[103.037,5.259],[103.098,5.282]]]]}},{"type":"Feature","properties":{"state":"Terengganu","parlimen":"P.038 Hulu Terengganu","code_state":11,"code_parlimen":"P.038"},"geometry":{"type":"MultiPolygon","coordinates":[[[[102.598,5.481],[102.652,5.436],[102.654,5.39],[102.682,5.396],[102.681,5.345],[102.722,5.332],[102.726,5.259],[102.772,5.223],[102.852,5.266],[102.926,5.188],[102.967,5.197],[103.09,5.315],[103.094,5.286],[103.036,5.257],[103.049,5.153],[103.078,5.11],[103.121,5.106],[103.228,4.955],[103.175,4.896],[103.078,4.926],[103.081,4.86],[102.892,4.814],[102.893,4.753],[102.843,4.728],[102.841,4.679],[102.766,4.672],[102.682,4.714],[102.647,4.846],[102.503,4.901],[102.495,5.072],[102.526,5.107],[102.408,5.182],[102.427,5.354],[102.525,5.332],[102.584,5.369],[102.598,5.481]]]]}},{"type":"Feature","properties":{"state":"Terengganu","parlimen":"P.039 Dungun","code_state":11,"code_parlimen":"P.039"},"geometry":{"type":"MultiPolygon","coordinates":[[[[103.689,4.783],[103.689,4.783]]],[[[103.681,4.817],[103.681,4.794],[103.681,4.817]]],[[[103.664,4.848],[103.664,4.848]]],[[[103.661,4.865],[103.661,4.865]]],[[[103.228,4.955],[103.234,4.909],[103.288,4.868],[103.34,4.848],[103.388,4.878],[103.439,4.78],[103.454,4.595],[103.344,4.598],[103.294,4.554],[103.285,4.468],[103.226,4.452],[103.208,4.496],[103.153,4.418],[103.127,4.445],[103.019,4.407],[102.971,4.48],[102.943,4.449],[102.872,4.467],[102.837,4.532],[102.881,4.61],[102.841,4.723],[102.891,4.749],[102.891,4.813],[103.081,4.86],[103.078,4.926],[103.175,4.896],[103.228,4.955]]]]}},{"type":"Feature","properties":{"state":"Terengganu","parlimen":"P.040 Kemaman","code_state":11,"code_parlimen":"P.040"},"geometry":{"type":"MultiPolygon","coordinates":[[[[103.354,4.589],[103.454,4.595],[103.473,4.525],[103.444,4.472],[103.492,4.326],[103.435,4.179],[103.319,4.191],[103.3,4.081],[103.335,3.948],[103.31,3.881],[103.24,4.018],[103.168,4.029],[103.072,4.113],[102.995,4.13],[102.926,4.097],[102.914,4.103],[102.888,4.135],[102.919,4.157],[102.93,4.278],[102.976,4.335],[103.015,4.333],[103.004,4.376],[103.037,4.431],[103.127,4.445],[103.153,4.418],[103.214,4.497],[103.226,4.452],[103.268,4.456],[103.294,4.554],[103.354,4.589]]]]}},{"type":"Feature","properties":{"state":"Pulau Pinang","parlimen":"P.041 Kepala Batas","code_state":7,"code_parlimen":"P.041"},"geometry":{"type":"MultiPolygon","coordinates":[[[[100.378,5.58],[100.523,5.559],[100.527,5.495],[100.375,5.496],[100.338,5.573],[100.378,5.58]]]]}},{"type":"Feature","properties":{"state":"Pulau Pinang","parlimen":"P.042 Tasek Gelugor","code_state":7,"code_parlimen":"P.042"},"geometry":{"type":"MultiPolygon","coordinates":[[[[100.498,5.506],[100.527,5.495],[100.526,5.429],[100.378,5.446],[100.378,5.469],[100.375,5.496],[100.498,5.506]]]]}},{"type":"Feature","properties":{"state":"Pulau Pinang","parlimen":"P.043 Bagan","code_state":7,"code_parlimen":"P.043"},"geometry":{"type":"MultiPolygon","coordinates":[[[[100.399,5.456],[100.404,5.408],[100.365,5.382],[100.399,5.456]]]]}},{"type":"Feature","properties":{"state":"Pulau Pinang","parlimen":"P.044 Permatang Pauh","code_state":7,"code_parlimen":"P.044"},"geometry":{"type":"MultiPolygon","coordinates":[[[[100.443,5.45],[100.526,5.429],[100.524,5.375],[100.406,5.37],[100.386,5.407],[100.443,5.45]]]]}},{"type":"Feature","properties":{"state":"Pulau Pinang","parlimen":"P.045 Bukit Mertajam","code_state":7,"code_parlimen":"P.045"},"geometry":{"type":"MultiPolygon","coordinates":[[[[100.491,5.386],[100.524,5.375],[100.534,5.285],[100.48,5.292],[100.44,5.339],[100.491,5.386]]]]}},{"type":"Feature","properties":{"state":"Pulau Pinang","parlimen":"P.046 Batu Kawan","code_state":7,"code_parlimen":"P.046"},"geometry":{"type":"MultiPolygon","coordinates":[[[[100.386,5.256],[100.386,5.256]]],[[[100.387,5.286],[100.387,5.286]]],[[[100.393,5.397],[100.44,5.366],[100.51,5.217],[100.424,5.209],[100.406,5.34],[100.365,5.382],[100.393,5.397]]]]}},{"type":"Feature","properties":{"state":"Pulau Pinang","parlimen":"P.047 Nibong Tebal","code_state":7,"code_parlimen":"P.047"},"geometry":{"type":"MultiPolygon","coordinates":[[[[100.505,5.298],[100.534,5.285],[100.55,5.143],[100.404,5.122],[100.424,5.209],[100.516,5.225],[100.478,5.277],[100.505,5.298]]]]}},{"type":"Feature","properties":{"state":"Pulau Pinang","parlimen":"P.048 Bukit Bendera","code_state":7,"code_parlimen":"P.048"},"geometry":{"type":"MultiPolygon","coordinates":[[[[100.256,5.483],[100.321,5.43],[100.251,5.377],[100.256,5.483]]]]}},{"type":"Feature","properties":{"state":"Pulau Pinang","parlimen":"P.049 Tanjong","code_state":7,"code_parlimen":"P.049"},"geometry":{"type":"MultiPolygon","coordinates":[[[[100.322,5.429],[100.335,5.403],[100.322,5.429]]]]}},{"type":"Feature","properties":{"state":"Pulau Pinang","parlimen":"P.050 Jelutong","code_state":7,"code_parlimen":"P.050"},"geometry":{"type":"MultiPolygon","coordinates":[[[[100.316,5.413],[100.308,5.379],[100.316,5.413]]]]}},{"type":"Feature","properties":{"state":"Pulau Pinang","parlimen":"P.051 Bukit Gelugor","code_state":7,"code_parlimen":"P.051"},"geometry":{"type":"MultiPolygon","coordinates":[[[[100.303,5.408],[100.317,5.36],[100.295,5.376],[100.277,5.33],[100.253,5.385],[100.303,5.408]]]]}},{"type":"Feature","properties":{"state":"Pulau Pinang","parlimen":"P.052 Bayan Baru","code_state":7,"code_parlimen":"P.052"},"geometry":{"type":"MultiPolygon","coordinates":[[[[100.276,5.25],[100.276,5.25]]],[[[100.322,5.336],[100.309,5.301],[100.322,5.336]]],[[[100.299,5.373],[100.317,5.358],[100.275,5.257],[100.256,5.314],[100.299,5.373]]]]}},{"type":"Feature","properties":{"state":"Pulau Pinang","parlimen":"P.053 Balik Pulau","code_state":7,"code_parlimen":"P.053"},"geometry":{"type":"MultiPolygon","coordinates":[[[[100.181,5.237],[100.181,5.237]]],[[[100.187,5.313],[100.187,5.313]]],[[[100.185,5.316],[100.185,5.316]]],[[[100.187,5.477],[100.242,5.462],[100.235,5.395],[100.277,5.33],[100.245,5.273],[100.178,5.281],[100.187,5.477]]]]}},{"type":"Feature","properties":{"state":"Perak","parlimen":"P.054 Gerik","code_state":8,"code_parlimen":"P.054"},"geometry":{"type":"MultiPolygon","coordinates":[[[[101.583,5.932],[101.663,5.866],[101.695,5.704],[101.658,5.663],[101.654,5.609],[101.687,5.586],[101.655,5.521],[101.745,5.506],[101.753,5.374],[101.672,5.326],[101.609,5.348],[101.546,5.263],[101.521,5.27],[101.448,5.014],[101.395,5.101],[101.272,5.19],[101.227,5.368],[101.255,5.424],[101.136,5.42],[101.037,5.502],[100.931,5.508],[100.924,5.617],[100.982,5.723],[100.942,5.763],[100.996,5.785],[101.06,5.744],[101.143,5.614],[101.26,5.711],[101.276,5.811],[101.346,5.808],[101.391,5.876],[101.486,5.87],[101.583,5.932]]]]}},{"type":"Feature","properties":{"state":"Perak","parlimen":"P.055 Lenggong","code_state":8,"code_parlimen":"P.055"},"geometry":{"type":"MultiPolygon","coordinates":[[[[100.936,5.504],[101.037,5.502],[101.136,5.42],[101.255,5.424],[101.227,5.368],[101.253,5.343],[101.244,5.256],[101.296,5.165],[101.153,5.063],[101.082,5.067],[101.013,4.966],[100.866,4.98],[100.927,5.111],[100.929,5.165],[100.89,5.205],[100.951,5.265],[100.91,5.411],[100.873,5.42],[100.866,5.462],[100.936,5.504]]]]}},{"type":"Feature","properties":{"state":"Perak","parlimen":"P.056 Larut","code_state":8,"code_parlimen":"P.056"},"geometry":{"type":"MultiPolygon","coordinates":[[[[100.88,5.416],[100.91,5.411],[100.951,5.265],[100.89,5.205],[100.929,5.165],[100.927,5.111],[100.881,5.04],[100.855,4.885],[100.807,4.857],[100.755,4.93],[100.717,4.92],[100.714,5.116],[100.625,5.151],[100.73,5.267],[100.734,5.312],[100.818,5.322],[100.88,5.416]]]]}},{"type":"Feature","properties":{"state":"Perak","parlimen":"P.057 Parit Buntar","code_state":8,"code_parlimen":"P.057"},"geometry":{"type":"MultiPolygon","coordinates":[[[[100.497,5.124],[100.511,5.096],[100.481,5.097],[100.462,5.026],[100.41,4.993],[100.363,5.1],[100.395,5.128],[100.497,5.124]]]]}},{"type":"Feature","properties":{"state":"Perak","parlimen":"P.058 Bagan Serai","code_state":8,"code_parlimen":"P.058"},"geometry":{"type":"MultiPolygon","coordinates":[[[[100.624,5.141],[100.714,5.116],[100.73,4.964],[100.638,4.897],[100.621,4.84],[100.547,4.877],[100.489,4.869],[100.498,4.917],[100.442,4.915],[100.415,4.998],[100.462,5.026],[100.487,5.102],[100.563,5.079],[100.624,5.141]]]]}},{"type":"Feature","properties":{"state":"Perak","parlimen":"P.059 Bukit Gantang","code_state":8,"code_parlimen":"P.059"},"geometry":{"type":"MultiPolygon","coordinates":[[[[100.719,4.933],[100.694,4.847],[100.712,4.808],[100.73,4.834],[100.757,4.796],[100.807,4.806],[100.782,4.705],[100.812,4.644],[100.741,4.523],[100.646,4.525],[100.58,4.57],[100.602,4.641],[100.656,4.675],[100.593,4.668],[100.576,4.745],[100.597,4.762],[100.549,4.847],[100.621,4.84],[100.638,4.898],[100.719,4.933]]]]}},{"type":"Feature","properties":{"state":"Perak","parlimen":"P.060 Taiping","code_state":8,"code_parlimen":"P.060"},"geometry":{"type":"MultiPolygon","coordinates":[[[[100.749,4.934],[100.807,4.857],[100.81,4.845],[100.807,4.806],[100.702,4.823],[100.717,4.92],[100.749,4.934]]]]}},{"type":"Feature","properties":{"state":"Perak","parlimen":"P.061 Padang Rengas","code_state":8,"code_parlimen":"P.061"},"geometry":{"type":"MultiPolygon","coordinates":[[[[100.92,4.984],[100.977,4.967],[100.995,4.888],[100.956,4.897],[100.946,4.779],[100.906,4.795],[100.874,4.711],[100.807,4.682],[100.782,4.705],[100.813,4.761],[100.807,4.857],[100.855,4.885],[100.873,4.967],[100.92,4.984]]]]}},{"type":"Feature","properties":{"state":"Perak","parlimen":"P.062 Sungai Siput","code_state":8,"code_parlimen":"P.062"},"geometry":{"type":"MultiPolygon","coordinates":[[[[101.316,5.172],[101.453,5.007],[101.424,4.983],[101.446,4.858],[101.402,4.842],[101.38,4.708],[101.311,4.678],[101.192,4.775],[101.057,4.759],[101.015,4.804],[100.946,4.779],[100.956,4.897],[100.995,4.889],[100.962,4.974],[101.025,4.969],[101.082,5.067],[101.153,5.063],[101.229,5.139],[101.316,5.172]]]]}},{"type":"Feature","properties":{"state":"Perak","parlimen":"P.063 Tambun","code_state":8,"code_parlimen":"P.063"},"geometry":{"type":"MultiPolygon","coordinates":[[[[101.141,4.781],[101.235,4.754],[101.35,4.67],[101.377,4.63],[101.355,4.557],[101.222,4.632],[101.147,4.572],[101.121,4.6],[101.14,4.649],[101.108,4.655],[101.056,4.611],[101.066,4.642],[101.019,4.667],[101.04,4.731],[101.067,4.768],[101.141,4.781]]]]}},{"type":"Feature","properties":{"state":"Perak","parlimen":"P.064 Ipoh Timor","code_state":8,"code_parlimen":"P.064"},"geometry":{"type":"MultiPolygon","coordinates":[[[[101.119,4.622],[101.138,4.591],[101.085,4.565],[101.047,4.492],[101.066,4.59],[101.119,4.622]]]]}},{"type":"Feature","properties":{"state":"Perak","parlimen":"P.065 Ipoh Barat","code_state":8,"code_parlimen":"P.065"},"geometry":{"type":"MultiPolygon","coordinates":[[[[101.102,4.654],[101.139,4.627],[101.039,4.586],[101.102,4.654]]]]}},{"type":"Feature","properties":{"state":"Perak","parlimen":"P.066 Batu Gajah","code_state":8,"code_parlimen":"P.066"},"geometry":{"type":"MultiPolygon","coordinates":[[[[101.031,4.655],[101.066,4.642],[101.039,4.586],[101.066,4.578],[101.029,4.503],[101.046,4.459],[101.012,4.451],[101.029,4.362],[101.002,4.352],[100.944,4.392],[100.948,4.429],[100.949,4.451],[101.031,4.655]]]]}},{"type":"Feature","properties":{"state":"Perak","parlimen":"P.067 Kuala Kangsar","code_state":8,"code_parlimen":"P.067"},"geometry":{"type":"MultiPolygon","coordinates":[[[[101.036,4.789],[101.057,4.757],[100.997,4.557],[100.904,4.565],[100.739,4.522],[100.799,4.607],[100.802,4.678],[100.807,4.682],[100.874,4.711],[100.906,4.795],[100.927,4.774],[101.036,4.789]]]]}},{"type":"Feature","properties":{"state":"Perak","parlimen":"P.068 Beruas","code_state":8,"code_parlimen":"P.068"},"geometry":{"type":"MultiPolygon","coordinates":[[[[100.858,4.54],[100.851,4.486],[100.806,4.48],[100.828,4.237],[100.79,4.251],[100.748,4.155],[100.67,4.177],[100.673,4.223],[100.733,4.221],[100.742,4.258],[100.679,4.345],[100.61,4.29],[100.567,4.33],[100.627,4.535],[100.858,4.54]]]]}},{"type":"Feature","properties":{"state":"Perak","parlimen":"P.069 Parit","code_state":8,"code_parlimen":"P.069"},"geometry":{"type":"MultiPolygon","coordinates":[[[[100.914,4.562],[100.995,4.555],[100.944,4.392],[100.981,4.388],[101.01,4.297],[100.828,4.234],[100.806,4.48],[100.851,4.486],[100.862,4.553],[100.914,4.562]]]]}},{"type":"Feature","properties":{"state":"Perak","parlimen":"P.070 Kampar","code_state":8,"code_parlimen":"P.070"},"geometry":{"type":"MultiPolygon","coordinates":[[[[101.107,4.474],[101.134,4.444],[101.206,4.445],[101.209,4.41],[101.319,4.412],[101.312,4.363],[101.201,4.333],[101.196,4.284],[101.118,4.246],[101.002,4.269],[101,4.363],[101.029,4.362],[101.012,4.451],[101.107,4.474]]]]}},{"type":"Feature","properties":{"state":"Perak","parlimen":"P.071 Gopeng","code_state":8,"code_parlimen":"P.071"},"geometry":{"type":"MultiPolygon","coordinates":[[[[101.228,4.622],[101.344,4.575],[101.382,4.524],[101.334,4.424],[101.209,4.41],[101.206,4.445],[101.134,4.444],[101.101,4.486],[101.049,4.45],[101.029,4.506],[101.054,4.492],[101.094,4.574],[101.228,4.622]]]]}},{"type":"Feature","properties":{"state":"Perak","parlimen":"P.072 Tapah","code_state":8,"code_parlimen":"P.072"},"geometry":{"type":"MultiPolygon","coordinates":[[[[101.326,4.422],[101.437,4.392],[101.422,4.345],[101.465,4.256],[101.296,4.152],[101.301,4.118],[101.241,4.06],[101.273,4.044],[101.237,4.029],[101.134,4.117],[101.07,4.246],[101.196,4.284],[101.201,4.333],[101.298,4.348],[101.326,4.422]]]]}},{"type":"Feature","properties":{"state":"Perak","parlimen":"P.073 Pasir Salak","code_state":8,"code_parlimen":"P.073"},"geometry":{"type":"MultiPolygon","coordinates":[[[[101.027,4.268],[101.07,4.249],[101.134,4.117],[101.234,4.028],[101.131,4],[101.118,4.043],[101.063,4.03],[101.009,4.105],[100.972,4.051],[101.016,4.019],[100.949,3.972],[100.963,3.947],[100.866,3.963],[100.858,4.036],[100.809,4.041],[100.824,4.072],[100.765,4.132],[100.774,4.232],[100.799,4.259],[100.828,4.237],[100.828,4.234],[100.995,4.287],[101.027,4.268]]]]}},{"type":"Feature","properties":{"state":"Perak","parlimen":"P.074 Lumut","code_state":8,"code_parlimen":"P.074"},"geometry":{"type":"MultiPolygon","coordinates":[[[[100.629,3.769],[100.629,3.769]]],[[[100.533,3.991],[100.533,3.991]]],[[[100.549,4.002],[100.549,4.002]]],[[[100.55,4.002],[100.55,4.002]]],[[[100.508,4.004],[100.508,4.004]]],[[[100.548,4.005],[100.548,4.005]]],[[[100.535,4.008],[100.535,4.008]]],[[[100.536,4.01],[100.536,4.01]]],[[[100.546,4.009],[100.546,4.009]]],[[[100.513,4.021],[100.513,4.021]]],[[[100.545,4.033],[100.545,4.033]]],[[[100.539,4.059],[100.539,4.059]]],[[[100.576,4.061],[100.576,4.061]]],[[[100.579,4.066],[100.579,4.066]]],[[[100.585,4.073],[100.585,4.073]]],[[[100.56,4.126],[100.56,4.126]]],[[[100.54,4.185],[100.54,4.185]]],[[[100.538,4.185],[100.538,4.185]]],[[[100.541,4.202],[100.541,4.202]]],[[[100.546,4.201],[100.546,4.201]]],[[[100.546,4.207],[100.546,4.207]]],[[[100.546,4.209],[100.546,4.209]]],[[[100.606,4.212],[100.606,4.212]]],[[[100.534,4.23],[100.534,4.23]]],[[[100.542,4.236],[100.542,4.236]]],[[[100.543,4.265],[100.581,4.188],[100.543,4.215],[100.543,4.265]]],[[[100.676,4.332],[100.742,4.258],[100.733,4.221],[100.673,4.223],[100.67,4.177],[100.748,4.155],[100.762,4.21],[100.784,4.206],[100.765,4.132],[100.824,4.072],[100.807,4.014],[100.763,4.004],[100.752,4.105],[100.685,4.165],[100.628,4.135],[100.637,4.167],[100.585,4.227],[100.628,4.233],[100.565,4.329],[100.61,4.29],[100.676,4.332]]]]}},{"type":"Feature","properties":{"state":"Perak","parlimen":"P.075 Bagan Datuk","code_state":8,"code_parlimen":"P.075"},"geometry":{"type":"MultiPolygon","coordinates":[[[[100.859,3.997],[100.866,3.963],[100.93,3.964],[101.102,3.883],[101.062,3.791],[100.994,3.801],[100.968,3.771],[100.979,3.816],[100.939,3.834],[100.937,3.87],[100.805,3.849],[100.772,3.816],[100.717,3.834],[100.709,3.999],[100.796,3.996],[100.849,4.041],[100.859,3.997]]]]}},{"type":"Feature","properties":{"state":"Perak","parlimen":"P.076 Teluk Intan","code_state":8,"code_parlimen":"P.076"},"geometry":{"type":"MultiPolygon","coordinates":[[[[101.015,4.101],[101.063,4.03],[101.118,4.043],[101.131,4],[101.232,4.029],[101.243,3.719],[101.175,3.71],[101.191,3.731],[101.135,3.735],[101.133,3.764],[101.076,3.729],[101.09,3.782],[101.058,3.754],[101.102,3.883],[100.984,3.921],[100.948,3.967],[101.016,4.019],[100.972,4.051],[101.015,4.101]]]]}},{"type":"Feature","properties":{"state":"Perak","parlimen":"P.077 Tanjong Malim","code_state":8,"code_parlimen":"P.077"},"geometry":{"type":"MultiPolygon","coordinates":[[[[101.444,4.228],[101.51,4.207],[101.507,4.132],[101.577,4.092],[101.572,3.917],[101.605,3.875],[101.592,3.802],[101.626,3.772],[101.52,3.678],[101.356,3.803],[101.319,3.768],[101.339,3.693],[101.264,3.668],[101.231,4.027],[101.273,4.049],[101.244,4.072],[101.311,4.166],[101.444,4.228]]]]}},{"type":"Feature","properties":{"state":"Pahang","parlimen":"P.078 Cameron Highlands","code_state":6,"code_parlimen":"P.078"},"geometry":{"type":"MultiPolygon","coordinates":[[[[101.798,4.763],[101.911,4.609],[101.839,4.452],[101.861,4.333],[101.954,4.293],[101.928,4.124],[101.847,4.026],[101.75,4.115],[101.69,4.067],[101.629,4.091],[101.582,4.073],[101.515,4.118],[101.511,4.204],[101.452,4.226],[101.422,4.347],[101.441,4.379],[101.392,4.41],[101.357,4.396],[101.331,4.432],[101.387,4.506],[101.353,4.554],[101.374,4.614],[101.469,4.573],[101.522,4.613],[101.59,4.552],[101.651,4.556],[101.674,4.595],[101.765,4.622],[101.769,4.753],[101.798,4.763]]]]}},{"type":"Feature","properties":{"state":"Pahang","parlimen":"P.079 Lipis","code_state":6,"code_parlimen":"P.079"},"geometry":{"type":"MultiPolygon","coordinates":[[[[101.972,4.746],[102,4.763],[102.04,4.727],[102.116,4.761],[102.168,4.662],[102.225,4.634],[102.215,4.606],[102.213,4.59],[102.261,4.521],[102.257,4.432],[102.215,4.416],[102.216,4.334],[102.27,4.204],[102.252,4.118],[102.287,4.128],[102.312,4.089],[102.099,3.976],[102.019,3.983],[101.958,3.923],[101.926,3.949],[101.962,3.994],[101.955,4.077],[101.914,4.102],[101.954,4.293],[101.87,4.319],[101.836,4.429],[101.938,4.659],[101.943,4.756],[101.972,4.746]]]]}},{"type":"Feature","properties":{"state":"Pahang","parlimen":"P.080 Raub","code_state":6,"code_parlimen":"P.080"},"geometry":{"type":"MultiPolygon","coordinates":[[[[101.74,4.115],[101.808,4.086],[101.811,4.033],[101.846,4.026],[101.903,4.098],[101.948,4.09],[101.962,3.994],[101.927,3.949],[101.97,3.923],[102.031,3.986],[102.096,3.911],[102.097,3.774],[102.039,3.704],[102.054,3.644],[102.019,3.614],[102.017,3.557],[101.978,3.553],[101.938,3.658],[101.875,3.696],[101.881,3.653],[101.8,3.614],[101.74,3.71],[101.658,3.725],[101.592,3.802],[101.605,3.875],[101.571,3.915],[101.557,4.031],[101.588,4.079],[101.701,4.068],[101.74,4.115]]]]}},{"type":"Feature","properties":{"state":"Pahang","parlimen":"P.081 Jerantut","code_state":6,"code_parlimen":"P.081"},"geometry":{"type":"MultiPolygon","coordinates":[[[[102.614,4.78],[102.732,4.683],[102.844,4.68],[102.884,4.608],[102.839,4.557],[102.845,4.502],[102.944,4.451],[102.974,4.481],[103.028,4.405],[103.015,4.334],[102.977,4.335],[102.931,4.278],[102.922,4.159],[102.891,4.136],[102.93,4.098],[102.91,4.013],[102.867,4],[102.841,3.934],[102.802,3.966],[102.772,3.941],[102.711,3.833],[102.646,3.852],[102.496,3.81],[102.453,3.721],[102.392,3.75],[102.36,3.853],[102.244,3.828],[102.238,3.87],[102.206,3.836],[102.182,3.863],[102.089,3.841],[102.096,3.911],[102.062,3.973],[102.239,4.059],[102.281,4.052],[102.312,4.089],[102.287,4.128],[102.252,4.118],[102.27,4.204],[102.216,4.334],[102.215,4.416],[102.258,4.436],[102.26,4.523],[102.213,4.59],[102.226,4.638],[102.273,4.66],[102.342,4.64],[102.378,4.714],[102.446,4.713],[102.5,4.667],[102.549,4.71],[102.601,4.687],[102.614,4.78]]]]}},{"type":"Feature","properties":{"state":"Pahang","parlimen":"P.082 Indera Mahkota","code_state":6,"code_parlimen":"P.082"},"geometry":{"type":"MultiPolygon","coordinates":[[[[103.328,4.188],[103.444,4.187],[103.385,4.105],[103.441,3.963],[103.401,3.966],[103.368,3.918],[103.377,3.818],[103.343,3.83],[103.293,3.788],[103.226,3.857],[103.292,3.904],[103.312,3.882],[103.304,3.92],[103.335,3.948],[103.3,4.081],[103.328,4.188]]]]}},{"type":"Feature","properties":{"state":"Pahang","parlimen":"P.083 Kuantan","code_state":6,"code_parlimen":"P.083"},"geometry":{"type":"MultiPolygon","coordinates":[[[[103.343,3.828],[103.374,3.804],[103.346,3.805],[103.325,3.74],[103.392,3.599],[103.322,3.608],[103.261,3.749],[103.272,3.804],[103.294,3.788],[103.343,3.828]]]]}},{"type":"Feature","properties":{"state":"Pahang","parlimen":"P.084 Paya Besar","code_state":6,"code_parlimen":"P.084"},"geometry":{"type":"MultiPolygon","coordinates":[[[[103.006,4.129],[103.071,4.113],[103.168,4.03],[103.244,4.017],[103.297,3.905],[103.226,3.857],[103.277,3.779],[103.168,3.779],[103.199,3.745],[103.164,3.691],[103.109,3.686],[103.116,3.62],[102.922,3.658],[102.862,3.72],[102.827,3.698],[102.797,3.761],[102.76,3.751],[102.712,3.812],[102.752,3.921],[102.802,3.966],[102.844,3.936],[102.867,4],[102.91,4.013],[102.93,4.098],[103.006,4.129]]]]}},{"type":"Feature","properties":{"state":"Pahang","parlimen":"P.085 Pekan","code_state":6,"code_parlimen":"P.085"},"geometry":{"type":"MultiPolygon","coordinates":[[[[103.198,3.791],[103.262,3.768],[103.322,3.608],[103.398,3.607],[103.475,3.511],[103.421,3.355],[103.447,3.205],[103.43,2.952],[103.226,2.966],[103.222,3.037],[103.121,3.065],[103.101,3.147],[103.136,3.214],[103.078,3.27],[103.068,3.33],[102.979,3.277],[102.95,3.312],[102.911,3.266],[102.777,3.428],[102.903,3.538],[102.922,3.658],[103.116,3.62],[103.109,3.686],[103.164,3.691],[103.199,3.745],[103.168,3.779],[103.198,3.791]]]]}},{"type":"Feature","properties":{"state":"Pahang","parlimen":"P.086 Maran","code_state":6,"code_parlimen":"P.086"},"geometry":{"type":"MultiPolygon","coordinates":[[[[102.654,3.852],[102.711,3.833],[102.76,3.751],[102.797,3.761],[102.823,3.701],[102.864,3.719],[102.922,3.658],[102.903,3.538],[102.828,3.456],[102.777,3.451],[102.83,3.377],[102.737,3.381],[102.698,3.315],[102.691,3.357],[102.585,3.407],[102.574,3.454],[102.505,3.464],[102.483,3.526],[102.491,3.557],[102.598,3.612],[102.545,3.804],[102.583,3.845],[102.61,3.824],[102.654,3.852]]]]}},{"type":"Feature","properties":{"state":"Pahang","parlimen":"P.087 Kuala Krau","code_state":6,"code_parlimen":"P.087"},"geometry":{"type":"MultiPolygon","coordinates":[[[[102.238,3.87],[102.238,3.829],[102.371,3.847],[102.392,3.75],[102.443,3.722],[102.496,3.81],[102.545,3.803],[102.595,3.606],[102.49,3.556],[102.478,3.513],[102.425,3.555],[102.325,3.518],[102.282,3.537],[102.245,3.593],[102.254,3.639],[102.18,3.632],[102.111,3.68],[102.083,3.747],[102.098,3.828],[102.182,3.863],[102.206,3.836],[102.238,3.87]]]]}},{"type":"Feature","properties":{"state":"Pahang","parlimen":"P.088 Temerloh","code_state":6,"code_parlimen":"P.088"},"geometry":{"type":"MultiPolygon","coordinates":[[[[102.103,3.714],[102.181,3.632],[102.253,3.64],[102.245,3.593],[102.281,3.537],[102.325,3.518],[102.424,3.555],[102.485,3.516],[102.511,3.419],[102.483,3.421],[102.474,3.365],[102.329,3.376],[102.304,3.339],[102.23,3.392],[102.12,3.345],[102.103,3.481],[102.161,3.51],[102.092,3.532],[102.06,3.497],[102.016,3.565],[102.054,3.644],[102.039,3.704],[102.083,3.747],[102.103,3.714]]]]}},{"type":"Feature","properties":{"state":"Pahang","parlimen":"P.089 Bentong","code_state":6,"code_parlimen":"P.089"},"geometry":{"type":"MultiPolygon","coordinates":[[[[101.876,3.696],[101.938,3.658],[101.978,3.553],[102.029,3.564],[102.058,3.498],[102.092,3.532],[102.159,3.513],[102.103,3.481],[102.12,3.345],[102.23,3.392],[102.342,3.322],[102.289,3.256],[102.269,3.186],[102.309,3.156],[102.304,3.157],[102.286,3.138],[102.141,3.198],[102.059,3.167],[102.045,3.224],[101.978,3.239],[101.971,3.272],[101.886,3.259],[101.782,3.34],[101.762,3.508],[101.806,3.55],[101.815,3.62],[101.881,3.653],[101.876,3.696]]]]}},{"type":"Feature","properties":{"state":"Pahang","parlimen":"P.090 Bera","code_state":6,"code_parlimen":"P.090"},"geometry":{"type":"MultiPolygon","coordinates":[[[[102.516,3.459],[102.574,3.454],[102.595,3.396],[102.691,3.357],[102.698,3.28],[102.81,3.17],[102.726,3.122],[102.753,3.124],[102.747,3.082],[102.79,3.046],[102.741,2.864],[102.784,2.807],[102.701,2.834],[102.698,2.833],[102.681,2.897],[102.468,3.019],[102.391,3.117],[102.286,3.138],[102.304,3.157],[102.309,3.156],[102.269,3.186],[102.29,3.259],[102.344,3.318],[102.319,3.371],[102.474,3.365],[102.516,3.459]]]]}},{"type":"Feature","properties":{"state":"Pahang","parlimen":"P.091 Rompin","code_state":6,"code_parlimen":"P.091"},"geometry":{"type":"MultiPolygon","coordinates":[[[[104.174,2.893],[104.223,2.769],[104.207,2.718],[104.12,2.753],[104.174,2.893]]],[[[104.113,2.911],[104.113,2.911]]],[[[104.097,2.932],[104.097,2.932]]],[[[102.754,3.38],[102.83,3.377],[102.911,3.266],[102.95,3.312],[102.979,3.277],[103.068,3.33],[103.078,3.27],[103.136,3.214],[103.101,3.147],[103.121,3.065],[103.222,3.037],[103.226,2.966],[103.43,2.952],[103.478,2.809],[103.636,2.664],[103.591,2.653],[103.63,2.611],[103.591,2.533],[103.624,2.533],[103.627,2.467],[103.354,2.591],[103.289,2.577],[103.148,2.52],[103.138,2.526],[102.969,2.596],[102.742,2.86],[102.79,3.045],[102.747,3.082],[102.753,3.124],[102.726,3.122],[102.81,3.17],[102.698,3.28],[102.754,3.38]]]]}},{"type":"Feature","properties":{"state":"Selangor","parlimen":"P.092 Sabak Bernam","code_state":10,"code_parlimen":"P.092"},"geometry":{"type":"MultiPolygon","coordinates":[[[[100.943,3.856],[100.979,3.816],[100.969,3.771],[101.022,3.806],[101.027,3.783],[101.06,3.795],[101.059,3.753],[101.092,3.78],[101.102,3.75],[101.075,3.759],[101.014,3.663],[100.931,3.688],[100.872,3.768],[100.814,3.784],[100.82,3.851],[100.943,3.856]]]]}},{"type":"Feature","properties":{"state":"Selangor","parlimen":"P.093 Sungai Besar","code_state":10,"code_parlimen":"P.093"},"geometry":{"type":"MultiPolygon","coordinates":[[[[101.14,3.749],[101.191,3.731],[101.175,3.71],[101.25,3.718],[101.264,3.668],[101.342,3.695],[101.349,3.599],[101.177,3.536],[101.101,3.485],[101.037,3.619],[100.964,3.676],[101.014,3.663],[101.059,3.73],[101.14,3.749]]]]}},{"type":"Feature","properties":{"state":"Selangor","parlimen":"P.094 Hulu Selangor","code_state":10,"code_parlimen":"P.094"},"geometry":{"type":"MultiPolygon","coordinates":[[[[101.363,3.804],[101.519,3.678],[101.61,3.775],[101.768,3.681],[101.815,3.603],[101.762,3.508],[101.792,3.423],[101.76,3.373],[101.717,3.388],[101.639,3.321],[101.481,3.369],[101.517,3.491],[101.458,3.495],[101.409,3.547],[101.349,3.599],[101.32,3.768],[101.363,3.804]]]]}},{"type":"Feature","properties":{"state":"Selangor","parlimen":"P.095 Tanjong Karang","code_state":10,"code_parlimen":"P.095"},"geometry":{"type":"MultiPolygon","coordinates":[[[[101.457,3.496],[101.517,3.491],[101.476,3.398],[101.428,3.407],[101.339,3.36],[101.281,3.384],[101.259,3.335],[101.188,3.349],[101.1,3.485],[101.177,3.536],[101.349,3.599],[101.409,3.547],[101.457,3.496]]]]}},{"type":"Feature","properties":{"state":"Selangor","parlimen":"P.096 Kuala Selangor","code_state":10,"code_parlimen":"P.096"},"geometry":{"type":"MultiPolygon","coordinates":[[[[101.439,3.406],[101.43,3.304],[101.492,3.275],[101.493,3.22],[101.47,3.246],[101.432,3.192],[101.307,3.163],[101.301,3.255],[101.235,3.351],[101.26,3.335],[101.281,3.384],[101.339,3.36],[101.439,3.406]]]]}},{"type":"Feature","properties":{"state":"Selangor","parlimen":"P.097 Selayang","code_state":10,"code_parlimen":"P.097"},"geometry":{"type":"MultiPolygon","coordinates":[[[[101.458,3.4],[101.505,3.35],[101.669,3.329],[101.675,3.249],[101.555,3.255],[101.547,3.218],[101.498,3.222],[101.492,3.233],[101.492,3.275],[101.43,3.304],[101.458,3.4]]]]}},{"type":"Feature","properties":{"state":"Selangor","parlimen":"P.098 Gombak","code_state":10,"code_parlimen":"P.098"},"geometry":{"type":"MultiPolygon","coordinates":[[[[101.721,3.388],[101.854,3.276],[101.751,3.16],[101.74,3.234],[101.715,3.213],[101.665,3.245],[101.669,3.328],[101.721,3.388]]]]}},{"type":"Feature","properties":{"state":"Selangor","parlimen":"P.099 Ampang","code_state":10,"code_parlimen":"P.099"},"geometry":{"type":"MultiPolygon","coordinates":[[[[101.813,3.21],[101.808,3.148],[101.767,3.121],[101.743,3.166],[101.781,3.218],[101.813,3.21]]]]}},{"type":"Feature","properties":{"state":"Selangor","parlimen":"P.100 Pandan","code_state":10,"code_parlimen":"P.100"},"geometry":{"type":"MultiPolygon","coordinates":[[[[101.756,3.154],[101.767,3.121],[101.792,3.129],[101.747,3.081],[101.756,3.154]]]]}},{"type":"Feature","properties":{"state":"Selangor","parlimen":"P.101 Hulu Langat","code_state":10,"code_parlimen":"P.101"},"geometry":{"type":"MultiPolygon","coordinates":[[[[101.861,3.272],[101.935,3.25],[101.97,3.029],[101.882,2.866],[101.79,2.869],[101.767,2.898],[101.801,2.897],[101.794,2.931],[101.846,2.996],[101.795,3.012],[101.845,3.054],[101.838,3.108],[101.777,3.05],[101.746,3.082],[101.861,3.272]]]]}},{"type":"Feature","properties":{"state":"Selangor","parlimen":"P.102 Bangi","code_state":10,"code_parlimen":"P.102"},"geometry":{"type":"MultiPolygon","coordinates":[[[[101.827,3.113],[101.845,3.054],[101.795,3.012],[101.846,2.996],[101.782,2.889],[101.723,3.008],[101.73,3.055],[101.777,3.05],[101.827,3.113]]]]}},{"type":"Feature","properties":{"state":"Selangor","parlimen":"P.103 Puchong","code_state":10,"code_parlimen":"P.103"},"geometry":{"type":"MultiPolygon","coordinates":[[[[101.715,3.053],[101.738,3.026],[101.714,2.984],[101.577,2.977],[101.594,3.039],[101.622,2.997],[101.629,3.032],[101.681,3.01],[101.715,3.053]]]]}},{"type":"Feature","properties":{"state":"Selangor","parlimen":"P.104 Subang","code_state":10,"code_parlimen":"P.104"},"geometry":{"type":"MultiPolygon","coordinates":[[[[101.6,3.083],[101.684,3.044],[101.681,3.01],[101.629,3.032],[101.631,3.021],[101.632,3],[101.601,3.004],[101.601,3.039],[101.582,3.022],[101.565,3.051],[101.6,3.083]]]]}},{"type":"Feature","properties":{"state":"Selangor","parlimen":"P.105 Petaling Jaya","code_state":10,"code_parlimen":"P.105"},"geometry":{"type":"MultiPolygon","coordinates":[[[[101.637,3.131],[101.664,3.086],[101.643,3.07],[101.557,3.075],[101.526,3.126],[101.559,3.103],[101.596,3.127],[101.62,3.084],[101.637,3.131]]]]}},{"type":"Feature","properties":{"state":"Selangor","parlimen":"P.106 Damansara","code_state":10,"code_parlimen":"P.106"},"geometry":{"type":"MultiPolygon","coordinates":[[[[101.612,3.25],[101.654,3.238],[101.619,3.197],[101.62,3.084],[101.573,3.211],[101.612,3.25]]]]}},{"type":"Feature","properties":{"state":"Selangor","parlimen":"P.107 Sungai Buloh","code_state":10,"code_parlimen":"P.107"},"geometry":{"type":"MultiPolygon","coordinates":[[[[101.558,3.254],[101.604,3.23],[101.573,3.211],[101.595,3.127],[101.559,3.103],[101.526,3.127],[101.529,3.185],[101.432,3.192],[101.467,3.245],[101.53,3.216],[101.558,3.254]]]]}},{"type":"Feature","properties":{"state":"Selangor","parlimen":"P.108 Shah Alam","code_state":10,"code_parlimen":"P.108"},"geometry":{"type":"MultiPolygon","coordinates":[[[[101.529,3.177],[101.572,3.038],[101.456,3.039],[101.476,3.056],[101.442,3.11],[101.477,3.171],[101.529,3.177]]]]}},{"type":"Feature","properties":{"state":"Selangor","parlimen":"P.109 Kapar","code_state":10,"code_parlimen":"P.109"},"geometry":{"type":"MultiPolygon","coordinates":[[[[101.26,2.93],[101.234,2.902],[101.26,2.93]]],[[[101.244,2.926],[101.255,2.966],[101.244,2.926]]],[[[101.271,2.955],[101.271,2.955]]],[[[101.293,2.947],[101.263,2.914],[101.302,2.975],[101.304,2.974],[101.293,2.947]]],[[[101.305,2.976],[101.28,2.961],[101.305,2.976]]],[[[101.308,2.98],[101.308,2.98]]],[[[101.321,2.989],[101.321,2.989]]],[[[101.223,3.001],[101.223,3.001]]],[[[101.255,3.016],[101.219,2.966],[101.255,3.016]]],[[[101.27,3.013],[101.27,3.013]]],[[[101.26,3.059],[101.275,3.032],[101.219,3.008],[101.26,3.059]]],[[[101.323,3.069],[101.339,3],[101.264,2.953],[101.323,3.069]]],[[[101.47,3.193],[101.499,3.169],[101.394,3.093],[101.443,3.061],[101.377,2.987],[101.307,3.163],[101.47,3.193]]]]}},{"type":"Feature","properties":{"state":"Selangor","parlimen":"P.110 Klang","code_state":10,"code_parlimen":"P.110"},"geometry":{"type":"MultiPolygon","coordinates":[[[[101.444,3.093],[101.476,3.056],[101.424,2.984],[101.47,2.952],[101.422,2.95],[101.415,2.977],[101.379,2.906],[101.351,2.928],[101.347,2.895],[101.27,2.887],[101.319,2.972],[101.387,2.986],[101.443,3.06],[101.394,3.093],[101.444,3.093]]]]}},{"type":"Feature","properties":{"state":"Selangor","parlimen":"P.111 Kota Raja","code_state":10,"code_parlimen":"P.111"},"geometry":{"type":"MultiPolygon","coordinates":[[[[101.474,3.048],[101.572,3.038],[101.58,2.981],[101.47,2.95],[101.423,2.991],[101.474,3.048]]]]}},{"type":"Feature","properties":{"state":"Selangor","parlimen":"P.112 Kuala Langat","code_state":10,"code_parlimen":"P.112"},"geometry":{"type":"MultiPolygon","coordinates":[[[[101.578,2.974],[101.643,2.85],[101.58,2.858],[101.559,2.838],[101.587,2.8],[101.507,2.798],[101.536,2.759],[101.523,2.759],[101.509,2.733],[101.462,2.762],[101.449,2.736],[101.403,2.805],[101.287,2.836],[101.285,2.881],[101.32,2.912],[101.347,2.895],[101.344,2.927],[101.379,2.906],[101.414,2.977],[101.439,2.965],[101.422,2.95],[101.578,2.974]]]]}},{"type":"Feature","properties":{"state":"Selangor","parlimen":"P.113 Sepang","code_state":10,"code_parlimen":"P.113"},"geometry":{"type":"MultiPolygon","coordinates":[[[[101.723,3.008],[101.79,2.869],[101.751,2.87],[101.762,2.703],[101.711,2.586],[101.49,2.683],[101.449,2.736],[101.462,2.762],[101.495,2.733],[101.536,2.759],[101.513,2.801],[101.587,2.8],[101.559,2.838],[101.58,2.858],[101.643,2.85],[101.577,2.977],[101.714,2.984],[101.723,3.008]],[[101.694,2.974],[101.663,2.964],[101.675,2.876],[101.733,2.929],[101.694,2.974]]]]}},{"type":"Feature","properties":{"state":"W.P. Kuala Lumpur","parlimen":"P.114 Kepong","code_state":14,"code_parlimen":"P.114"},"geometry":{"type":"MultiPolygon","coordinates":[[[[101.645,3.23],[101.667,3.206],[101.643,3.188],[101.645,3.23]]]]}},{"type":"Feature","properties":{"state":"W.P. Kuala Lumpur","parlimen":"P.115 Batu","code_state":14,"code_parlimen":"P.115"},"geometry":{"type":"MultiPolygon","coordinates":[[[[101.666,3.243],[101.697,3.228],[101.694,3.17],[101.645,3.229],[101.666,3.243]]]]}},{"type":"Feature","properties":{"state":"W.P. Kuala Lumpur","parlimen":"P.116 Wangsa Maju","code_state":14,"code_parlimen":"P.116"},"geometry":{"type":"MultiPolygon","coordinates":[[[[101.741,3.232],[101.748,3.2],[101.691,3.198],[101.741,3.232]]]]}},{"type":"Feature","properties":{"state":"W.P. Kuala Lumpur","parlimen":"P.117 Segambut","code_state":14,"code_parlimen":"P.117"},"geometry":{"type":"MultiPolygon","coordinates":[[[[101.64,3.199],[101.678,3.197],[101.693,3.151],[101.629,3.131],[101.619,3.197],[101.64,3.199]]]]}},{"type":"Feature","properties":{"state":"W.P. Kuala Lumpur","parlimen":"P.118 Setiawangsa","code_state":14,"code_parlimen":"P.118"},"geometry":{"type":"MultiPolygon","coordinates":[[[[101.725,3.199],[101.756,3.181],[101.7,3.174],[101.725,3.199]]]]}},{"type":"Feature","properties":{"state":"W.P. Kuala Lumpur","parlimen":"P.119 Titiwangsa","code_state":14,"code_parlimen":"P.119"},"geometry":{"type":"MultiPolygon","coordinates":[[[[101.713,3.168],[101.75,3.16],[101.73,3.125],[101.694,3.176],[101.713,3.168]]]]}},{"type":"Feature","properties":{"state":"W.P. Kuala Lumpur","parlimen":"P.120 Bukit Bintang","code_state":14,"code_parlimen":"P.120"},"geometry":{"type":"MultiPolygon","coordinates":[[[[101.694,3.17],[101.723,3.153],[101.703,3.079],[101.679,3.115],[101.694,3.17]]]]}},{"type":"Feature","properties":{"state":"W.P. Kuala Lumpur","parlimen":"P.121 Lembah Pantai","code_state":14,"code_parlimen":"P.121"},"geometry":{"type":"MultiPolygon","coordinates":[[[[101.693,3.151],[101.646,3.071],[101.646,3.128],[101.693,3.151]]]]}},{"type":"Feature","properties":{"state":"W.P. Kuala Lumpur","parlimen":"P.122 Seputeh","code_state":14,"code_parlimen":"P.122"},"geometry":{"type":"MultiPolygon","coordinates":[[[[101.676,3.115],[101.708,3.063],[101.668,3.04],[101.647,3.062],[101.676,3.115]]]]}},{"type":"Feature","properties":{"state":"W.P. Kuala Lumpur","parlimen":"P.123 Cheras","code_state":14,"code_parlimen":"P.123"},"geometry":{"type":"MultiPolygon","coordinates":[[[[101.72,3.139],[101.746,3.079],[101.698,3.126],[101.72,3.139]]]]}},{"type":"Feature","properties":{"state":"W.P. Kuala Lumpur","parlimen":"P.124 Bandar Tun Razak","code_state":14,"code_parlimen":"P.124"},"geometry":{"type":"MultiPolygon","coordinates":[[[[101.72,3.12],[101.75,3.073],[101.723,3.033],[101.72,3.12]]]]}},{"type":"Feature","properties":{"state":"W.P. Putrajaya","parlimen":"P.125 Putrajaya","code_state":16,"code_parlimen":"P.125"},"geometry":{"type":"MultiPolygon","coordinates":[[[[101.706,2.977],[101.733,2.929],[101.666,2.879],[101.663,2.964],[101.706,2.977]]]]}},{"type":"Feature","properties":{"state":"Negeri Sembilan","parlimen":"P.126 Jelebu","code_state":5,"code_parlimen":"P.126"},"geometry":{"type":"MultiPolygon","coordinates":[[[[101.95,3.269],[102.042,3.223],[102.057,3.162],[102.126,3.203],[102.391,3.117],[102.488,2.97],[102.452,2.927],[102.452,2.863],[102.409,2.848],[102.409,2.921],[102.314,2.909],[102.263,2.943],[102.242,2.903],[102.128,2.896],[102.074,2.833],[101.997,2.85],[101.983,2.931],[101.924,2.969],[101.97,3.029],[101.949,3.215],[101.915,3.259],[101.95,3.269]]]]}},{"type":"Feature","properties":{"state":"Negeri Sembilan","parlimen":"P.127 Jempol","code_state":5,"code_parlimen":"P.127"},"geometry":{"type":"MultiPolygon","coordinates":[[[[102.47,3.017],[102.683,2.895],[102.702,2.833],[102.633,2.648],[102.429,2.69],[102.348,2.599],[102.335,2.645],[102.4,2.764],[102.349,2.768],[102.238,2.919],[102.263,2.943],[102.314,2.909],[102.409,2.921],[102.424,2.847],[102.488,2.961],[102.47,3.017]]]]}},{"type":"Feature","properties":{"state":"Negeri Sembilan","parlimen":"P.128 Seremban","code_state":5,"code_parlimen":"P.128"},"geometry":{"type":"MultiPolygon","coordinates":[[[[101.925,2.966],[101.983,2.931],[101.997,2.85],[102.068,2.841],[102.056,2.725],[101.953,2.71],[101.892,2.749],[101.906,2.774],[101.756,2.798],[101.751,2.87],[101.882,2.866],[101.924,2.969],[101.925,2.966]]]]}},{"type":"Feature","properties":{"state":"Negeri Sembilan","parlimen":"P.129 Kuala Pilah","code_state":5,"code_parlimen":"P.129"},"geometry":{"type":"MultiPolygon","coordinates":[[[[102.211,2.909],[102.301,2.862],[102.292,2.83],[102.349,2.768],[102.4,2.764],[102.335,2.645],[102.327,2.54],[102.204,2.543],[102.116,2.642],[102.119,2.709],[102.048,2.694],[102.062,2.827],[102.128,2.896],[102.211,2.909]]]]}},{"type":"Feature","properties":{"state":"Negeri Sembilan","parlimen":"P.130 Rasah","code_state":5,"code_parlimen":"P.130"},"geometry":{"type":"MultiPolygon","coordinates":[[[[101.782,2.804],[101.84,2.768],[101.906,2.774],[101.892,2.749],[101.975,2.715],[101.995,2.663],[101.89,2.659],[101.858,2.697],[101.793,2.669],[101.76,2.727],[101.756,2.798],[101.782,2.804]]]]}},{"type":"Feature","properties":{"state":"Negeri Sembilan","parlimen":"P.131 Rembau","code_state":5,"code_parlimen":"P.131"},"geometry":{"type":"MultiPolygon","coordinates":[[[[102.053,2.725],[102.063,2.681],[102.126,2.701],[102.116,2.642],[102.168,2.612],[102.215,2.503],[102.142,2.457],[102.064,2.457],[102.048,2.419],[102.012,2.571],[101.932,2.543],[101.91,2.625],[101.827,2.67],[101.858,2.697],[101.89,2.659],[101.993,2.661],[101.981,2.725],[102.053,2.725]]]]}},{"type":"Feature","properties":{"state":"Negeri Sembilan","parlimen":"P.132 Port Dickson","code_state":5,"code_parlimen":"P.132"},"geometry":{"type":"MultiPolygon","coordinates":[[[[101.787,2.7],[101.794,2.677],[101.793,2.669],[101.847,2.646],[101.854,2.672],[101.857,2.672],[101.869,2.627],[101.91,2.625],[101.932,2.543],[102.012,2.571],[102.013,2.411],[101.976,2.391],[101.931,2.426],[101.857,2.415],[101.837,2.502],[101.791,2.522],[101.796,2.574],[101.703,2.603],[101.761,2.723],[101.779,2.722],[101.787,2.7]]]]}},{"type":"Feature","properties":{"state":"Negeri Sembilan","parlimen":"P.133 Tampin","code_state":5,"code_parlimen":"P.133"},"geometry":{"type":"MultiPolygon","coordinates":[[[[102.429,2.69],[102.633,2.648],[102.594,2.409],[102.365,2.49],[102.319,2.479],[102.277,2.458],[102.206,2.481],[102.2,2.54],[102.327,2.54],[102.429,2.69]]]]}},{"type":"Feature","properties":{"state":"Melaka","parlimen":"P.134 Masjid Tanah","code_state":4,"code_parlimen":"P.134"},"geometry":{"type":"MultiPolygon","coordinates":[[[[102.043,2.345],[102.043,2.345]]],[[[102.178,2.498],[102.211,2.453],[102.174,2.375],[102.184,2.308],[102.094,2.289],[102.055,2.343],[101.976,2.37],[102.029,2.441],[102.048,2.419],[102.064,2.457],[102.142,2.457],[102.176,2.499],[102.178,2.498]]]]}},{"type":"Feature","properties":{"state":"Melaka","parlimen":"P.135 Alor Gajah","code_state":4,"code_parlimen":"P.135"},"geometry":{"type":"MultiPolygon","coordinates":[[[[102.373,2.487],[102.594,2.409],[102.487,2.361],[102.361,2.384],[102.332,2.282],[102.242,2.278],[102.253,2.285],[102.263,2.301],[102.239,2.338],[102.236,2.296],[102.18,2.316],[102.204,2.481],[102.277,2.458],[102.373,2.487]]]]}},{"type":"Feature","properties":{"state":"Melaka","parlimen":"P.136 Tangga Batu","code_state":4,"code_parlimen":"P.136"},"geometry":{"type":"MultiPolygon","coordinates":[[[[102.243,2.335],[102.263,2.301],[102.231,2.247],[102.206,2.255],[102.216,2.207],[102.154,2.217],[102.089,2.291],[102.207,2.317],[102.236,2.296],[102.243,2.335]]]]}},{"type":"Feature","properties":{"state":"Melaka","parlimen":"P.137 Hang Tuah Jaya","code_state":4,"code_parlimen":"P.137"},"geometry":{"type":"MultiPolygon","coordinates":[[[[102.304,2.289],[102.313,2.284],[102.332,2.282],[102.314,2.229],[102.395,2.241],[102.373,2.175],[102.228,2.231],[102.304,2.289]]]]}},{"type":"Feature","properties":{"state":"Melaka","parlimen":"P.138 Kota Melaka","code_state":4,"code_parlimen":"P.138"},"geometry":{"type":"MultiPolygon","coordinates":[[[[102.335,2.073],[102.335,2.073]]],[[[102.34,2.116],[102.34,2.116]]],[[[102.326,2.117],[102.326,2.117]]],[[[102.316,2.121],[102.316,2.121]]],[[[102.247,2.181],[102.247,2.181]]],[[[102.252,2.273],[102.261,2.236],[102.228,2.231],[102.315,2.213],[102.293,2.191],[102.345,2.183],[102.336,2.155],[102.216,2.207],[102.206,2.255],[102.252,2.273]]]]}},{"type":"Feature","properties":{"state":"Melaka","parlimen":"P.139 Jasin","code_state":4,"code_parlimen":"P.139"},"geometry":{"type":"MultiPolygon","coordinates":[[[[102.394,2.38],[102.535,2.374],[102.468,2.199],[102.529,2.167],[102.53,2.117],[102.486,2.1],[102.336,2.155],[102.399,2.212],[102.388,2.246],[102.313,2.231],[102.357,2.382],[102.394,2.38]]]]}},{"type":"Feature","properties":{"state":"Johor","parlimen":"P.140 Segamat","code_state":1,"code_parlimen":"P.140"},"geometry":{"type":"MultiPolygon","coordinates":[[[[102.713,2.829],[102.794,2.804],[102.892,2.685],[102.821,2.549],[102.782,2.532],[102.834,2.507],[102.775,2.481],[102.804,2.391],[102.715,2.429],[102.687,2.396],[102.653,2.409],[102.605,2.501],[102.626,2.631],[102.713,2.829]]]]}},{"type":"Feature","properties":{"state":"Johor","parlimen":"P.141 Sekijang","code_state":1,"code_parlimen":"P.141"},"geometry":{"type":"MultiPolygon","coordinates":[[[[102.94,2.628],[102.969,2.596],[103.055,2.56],[103.055,2.475],[102.944,2.499],[102.922,2.377],[102.859,2.415],[102.816,2.368],[102.775,2.48],[102.834,2.507],[102.782,2.532],[102.821,2.549],[102.892,2.685],[102.94,2.628]]]]}},{"type":"Feature","properties":{"state":"Johor","parlimen":"P.142 Labis","code_state":1,"code_parlimen":"P.142"},"geometry":{"type":"MultiPolygon","coordinates":[[[[103.29,2.577],[103.379,2.379],[103.301,2.303],[103.151,2.251],[103.15,2.243],[103.106,2.216],[103.105,2.167],[102.962,2.203],[103.025,2.302],[102.922,2.377],[102.944,2.499],[103.054,2.474],[103.055,2.56],[103.147,2.521],[103.29,2.577]]]]}},{"type":"Feature","properties":{"state":"Johor","parlimen":"P.143 Pagoh","code_state":1,"code_parlimen":"P.143"},"geometry":{"type":"MultiPolygon","coordinates":[[[[102.725,2.412],[102.771,2.413],[102.817,2.368],[102.883,2.41],[103.025,2.302],[102.838,2.017],[102.756,2.057],[102.689,2.04],[102.701,2.065],[102.652,2.086],[102.611,2.06],[102.567,2.083],[102.601,2.095],[102.6,2.149],[102.623,2.144],[102.611,2.113],[102.642,2.158],[102.679,2.144],[102.659,2.172],[102.718,2.295],[102.672,2.312],[102.665,2.365],[102.61,2.371],[102.655,2.411],[102.667,2.424],[102.683,2.395],[102.725,2.412]]]]}},{"type":"Feature","properties":{"state":"Johor","parlimen":"P.144 Ledang","code_state":1,"code_parlimen":"P.144"},"geometry":{"type":"MultiPolygon","coordinates":[[[[102.631,2.469],[102.653,2.409],[102.61,2.371],[102.665,2.365],[102.672,2.312],[102.718,2.295],[102.659,2.172],[102.68,2.146],[102.642,2.158],[102.611,2.113],[102.623,2.144],[102.599,2.148],[102.582,2.109],[102.603,2.1],[102.571,2.104],[102.56,2.048],[102.483,2.113],[102.53,2.119],[102.531,2.167],[102.468,2.199],[102.496,2.224],[102.512,2.355],[102.631,2.469]]]]}},{"type":"Feature","properties":{"state":"Johor","parlimen":"P.145 Bakri","code_state":1,"code_parlimen":"P.145"},"geometry":{"type":"MultiPolygon","coordinates":[[[[102.656,2.075],[102.701,2.065],[102.689,2.04],[102.756,2.057],[102.838,2.017],[102.774,1.953],[102.742,1.999],[102.683,1.985],[102.678,2.025],[102.602,2.019],[102.553,2.08],[102.656,2.075]]]]}},{"type":"Feature","properties":{"state":"Johor","parlimen":"P.146 Muar","code_state":1,"code_parlimen":"P.146"},"geometry":{"type":"MultiPolygon","coordinates":[[[[102.561,2.048],[102.797,1.959],[102.776,1.866],[102.685,1.865],[102.551,2.024],[102.561,2.048]]]]}},{"type":"Feature","properties":{"state":"Johor","parlimen":"P.147 Parit Sulong","code_state":1,"code_parlimen":"P.147"},"geometry":{"type":"MultiPolygon","coordinates":[[[[102.958,2.091],[103.018,2.048],[102.993,2.014],[103.025,1.976],[103.015,1.947],[102.914,1.951],[102.893,1.891],[102.927,1.83],[102.891,1.812],[102.777,1.866],[102.871,2.086],[102.92,2.136],[102.956,2.095],[102.958,2.091]]]]}},{"type":"Feature","properties":{"state":"Johor","parlimen":"P.148 Ayer Hitam","code_state":1,"code_parlimen":"P.148"},"geometry":{"type":"MultiPolygon","coordinates":[[[[102.99,2.184],[103.168,2.151],[103.172,2.098],[103.254,1.988],[103.184,1.929],[103.2,1.869],[103.163,1.82],[103.13,1.823],[103.124,1.873],[103.043,1.932],[102.993,2.014],[103.018,2.048],[102.92,2.136],[102.962,2.203],[102.99,2.184]]]]}},{"type":"Feature","properties":{"state":"Johor","parlimen":"P.149 Sri Gading","code_state":1,"code_parlimen":"P.149"},"geometry":{"type":"MultiPolygon","coordinates":[[[[102.934,1.968],[102.966,1.937],[103.022,1.967],[103.052,1.949],[103.124,1.873],[103.127,1.794],[102.988,1.807],[102.94,1.869],[102.963,1.899],[102.896,1.887],[102.934,1.968]]]]}},{"type":"Feature","properties":{"state":"Johor","parlimen":"P.150 Batu Pahat","code_state":1,"code_parlimen":"P.150"},"geometry":{"type":"MultiPolygon","coordinates":[[[[102.96,1.899],[102.94,1.869],[102.988,1.807],[103.103,1.785],[103.189,1.836],[103.189,1.784],[103.226,1.767],[103.198,1.627],[102.892,1.784],[102.933,1.848],[102.91,1.885],[102.96,1.899]]]]}},{"type":"Feature","properties":{"state":"Johor","parlimen":"P.151 Simpang Renggam","code_state":1,"code_parlimen":"P.151"},"geometry":{"type":"MultiPolygon","coordinates":[[[[103.265,1.985],[103.318,1.879],[103.432,1.938],[103.466,1.884],[103.553,1.903],[103.64,1.793],[103.486,1.804],[103.363,1.71],[103.189,1.784],[103.205,1.901],[103.184,1.929],[103.265,1.985]]]]}},{"type":"Feature","properties":{"state":"Johor","parlimen":"P.152 Kluang","code_state":1,"code_parlimen":"P.152"},"geometry":{"type":"MultiPolygon","coordinates":[[[[103.308,2.105],[103.399,2.032],[103.345,1.952],[103.379,1.901],[103.344,1.876],[103.218,2.029],[103.308,2.105]]]]}},{"type":"Feature","properties":{"state":"Johor","parlimen":"P.153 Sembrong","code_state":1,"code_parlimen":"P.153"},"geometry":{"type":"MultiPolygon","coordinates":[[[[103.533,2.34],[103.535,2.339],[103.628,2.375],[103.631,2.279],[103.561,2.043],[103.568,1.938],[103.518,1.879],[103.499,1.905],[103.466,1.884],[103.432,1.938],[103.379,1.901],[103.345,1.952],[103.401,2.009],[103.385,2.053],[103.308,2.109],[103.218,2.029],[103.168,2.151],[103.105,2.167],[103.106,2.215],[103.301,2.303],[103.379,2.379],[103.458,2.394],[103.51,2.359],[103.533,2.34]]]]}},{"type":"Feature","properties":{"state":"Johor","parlimen":"P.154 Mersing","code_state":1,"code_parlimen":"P.154"},"geometry":{"type":"MultiPolygon","coordinates":[[[[104.108,2.173],[104.108,2.173]]],[[[104.106,2.181],[104.106,2.181]]],[[[104.099,2.188],[104.099,2.188]]],[[[104.089,2.19],[104.089,2.19]]],[[[104.144,2.222],[104.144,2.222]]],[[[104.143,2.224],[104.143,2.224]]],[[[104.061,2.232],[104.085,2.197],[104.061,2.232]]],[[[104.15,2.266],[104.15,2.266]]],[[[104.127,2.269],[104.127,2.269]]],[[[104.123,2.271],[104.123,2.271]]],[[[104.125,2.278],[104.125,2.278]]],[[[104.144,2.304],[104.144,2.304]]],[[[104.148,2.307],[104.148,2.307]]],[[[104.096,2.316],[104.144,2.29],[104.096,2.316]]],[[[104.546,2.435],[104.546,2.435]]],[[[103.975,2.458],[103.993,2.424],[103.975,2.458]]],[[[104.487,2.462],[104.487,2.462]]],[[[104.511,2.475],[104.538,2.456],[104.525,2.429],[104.499,2.444],[104.511,2.475]]],[[[104.5,2.479],[104.5,2.479]]],[[[103.844,2.487],[103.844,2.487]]],[[[104.338,2.603],[104.355,2.569],[104.338,2.603]]],[[[103.782,2.619],[103.782,2.619]]],[[[103.75,2.651],[103.75,2.651]]],[[[103.713,2.65],[103.713,2.65]]],[[[103.599,2.665],[103.736,2.63],[103.755,2.65],[103.762,2.615],[103.823,2.583],[103.831,2.451],[103.96,2.313],[103.982,2.246],[103.959,2.207],[104.061,2.04],[103.561,2.043],[103.631,2.279],[103.628,2.375],[103.535,2.339],[103.51,2.359],[103.458,2.394],[103.379,2.379],[103.29,2.577],[103.354,2.591],[103.609,2.458],[103.638,2.488],[103.623,2.533],[103.59,2.53],[103.627,2.607],[103.599,2.665]]],[[[103.779,2.662],[103.764,2.682],[103.779,2.662]]],[[[103.974,2.701],[103.992,2.674],[103.974,2.701]]],[[[103.961,2.7],[103.961,2.7]]]]}},{"type":"Feature","properties":{"state":"Johor","parlimen":"P.155 Tenggara","code_state":1,"code_parlimen":"P.155"},"geometry":{"type":"MultiPolygon","coordinates":[[[[103.794,1.908],[103.81,1.85],[103.897,1.833],[103.94,1.785],[103.896,1.744],[103.938,1.686],[103.9,1.67],[103.882,1.601],[103.765,1.666],[103.739,1.67],[103.723,1.66],[103.671,1.729],[103.554,1.897],[103.561,2.043],[103.75,2.042],[103.794,1.908]]]]}},{"type":"Feature","properties":{"state":"Johor","parlimen":"P.156 Kota Tinggi","code_state":1,"code_parlimen":"P.156"},"geometry":{"type":"MultiPolygon","coordinates":[[[[104.043,2.043],[104.113,1.969],[104.108,1.877],[104.158,1.851],[104.2,1.742],[104.143,1.665],[104.133,1.703],[104.114,1.658],[104.01,1.655],[104.072,1.562],[104.029,1.538],[103.899,1.725],[103.94,1.785],[103.897,1.833],[103.81,1.85],[103.75,2.042],[104.043,2.043]]]]}},{"type":"Feature","properties":{"state":"Johor","parlimen":"P.157 Pengerang","code_state":1,"code_parlimen":"P.157"},"geometry":{"type":"MultiPolygon","coordinates":[[[[104.23,1.673],[104.285,1.514],[104.283,1.371],[104.138,1.341],[104.088,1.37],[104.116,1.409],[104.022,1.44],[104.015,1.541],[104.072,1.562],[104.008,1.652],[104.114,1.658],[104.133,1.703],[104.143,1.665],[104.198,1.744],[104.23,1.673]]]]}},{"type":"Feature","properties":{"state":"Johor","parlimen":"P.158 Tebrau","code_state":1,"code_parlimen":"P.158"},"geometry":{"type":"MultiPolygon","coordinates":[[[[103.909,1.673],[103.971,1.637],[104.017,1.553],[104.025,1.436],[103.924,1.436],[103.914,1.551],[103.801,1.553],[103.742,1.515],[103.649,1.595],[103.738,1.639],[103.723,1.66],[103.739,1.67],[103.882,1.601],[103.909,1.673]]]]}},{"type":"Feature","properties":{"state":"Johor","parlimen":"P.159 Pasir Gudang","code_state":1,"code_parlimen":"P.159"},"geometry":{"type":"MultiPolygon","coordinates":[[[[103.887,1.561],[103.922,1.522],[103.921,1.431],[103.758,1.514],[103.801,1.553],[103.887,1.561]]]]}},{"type":"Feature","properties":{"state":"Johor","parlimen":"P.160 Johor Bahru","code_state":1,"code_parlimen":"P.160"},"geometry":{"type":"MultiPolygon","coordinates":[[[[103.752,1.519],[103.797,1.497],[103.768,1.457],[103.707,1.492],[103.752,1.519]]]]}},{"type":"Feature","properties":{"state":"Johor","parlimen":"P.161 Pulai","code_state":1,"code_parlimen":"P.161"},"geometry":{"type":"MultiPolygon","coordinates":[[[[103.707,1.54],[103.742,1.515],[103.707,1.492],[103.768,1.457],[103.626,1.475],[103.707,1.54]]]]}},{"type":"Feature","properties":{"state":"Johor","parlimen":"P.162 Iskandar Puteri","code_state":1,"code_parlimen":"P.162"},"geometry":{"type":"MultiPolygon","coordinates":[[[[103.585,1.6],[103.639,1.54],[103.652,1.591],[103.692,1.561],[103.626,1.475],[103.697,1.452],[103.606,1.346],[103.559,1.343],[103.538,1.405],[103.554,1.47],[103.586,1.481],[103.552,1.602],[103.585,1.6]]]]}},{"type":"Feature","properties":{"state":"Johor","parlimen":"P.163 Kulai","code_state":1,"code_parlimen":"P.163"},"geometry":{"type":"MultiPolygon","coordinates":[[[[103.502,1.806],[103.642,1.793],[103.666,1.759],[103.738,1.639],[103.648,1.599],[103.657,1.548],[103.552,1.602],[103.576,1.527],[103.543,1.523],[103.533,1.524],[103.508,1.582],[103.363,1.71],[103.406,1.763],[103.432,1.786],[103.502,1.806]]]]}},{"type":"Feature","properties":{"state":"Johor","parlimen":"P.164 Pontian","code_state":1,"code_parlimen":"P.164"},"geometry":{"type":"MultiPolygon","coordinates":[[[[103.254,1.755],[103.449,1.636],[103.397,1.478],[103.322,1.568],[103.187,1.624],[103.226,1.767],[103.254,1.755]]]]}},{"type":"Feature","properties":{"state":"Johor","parlimen":"P.165 Tanjung Piai","code_state":1,"code_parlimen":"P.165"},"geometry":{"type":"MultiPolygon","coordinates":[[[[103.436,1.326],[103.422,1.303],[103.415,1.337],[103.436,1.326]]],[[[103.26,1.474],[103.26,1.474]]],[[[103.271,1.472],[103.271,1.472]]],[[[103.501,1.583],[103.533,1.524],[103.543,1.523],[103.576,1.527],[103.575,1.493],[103.586,1.481],[103.552,1.466],[103.536,1.386],[103.559,1.343],[103.516,1.306],[103.516,1.263],[103.443,1.322],[103.388,1.477],[103.449,1.636],[103.465,1.623],[103.501,1.583]]]]}},{"type":"Feature","properties":{"state":"W.P. Labuan","parlimen":"P.166 Labuan","code_state":15,"code_parlimen":"P.166"},"geometry":{"type":"MultiPolygon","coordinates":[[[[115.133,5.186],[115.133,5.186]]],[[[115.14,5.204],[115.14,5.204]]],[[[115.123,5.229],[115.142,5.217],[115.123,5.229]]],[[[115.185,5.239],[115.185,5.239]]],[[[115.267,5.254],[115.267,5.254]]],[[[115.321,5.273],[115.321,5.273]]],[[[115.318,5.275],[115.318,5.275]]],[[[115.319,5.275],[115.319,5.275]]],[[[115.31,5.282],[115.31,5.282]]],[[[115.247,5.388],[115.263,5.29],[115.228,5.285],[115.235,5.242],[115.207,5.28],[115.15,5.252],[115.191,5.348],[115.247,5.388]]]]}},{"type":"Feature","properties":{"state":"Sabah","parlimen":"P.167 Kudat","code_state":12,"code_parlimen":"P.167"},"geometry":{"type":"MultiPolygon","coordinates":[[[[117.275,6.733],[117.275,6.733]]],[[[117.258,6.81],[117.258,6.81]]],[[[117.27,6.805],[117.27,6.805]]],[[[116.868,6.824],[116.868,6.824]]],[[[117.234,6.834],[117.234,6.834]]],[[[117.282,6.829],[117.257,6.822],[117.282,6.829]]],[[[117.248,6.84],[117.248,6.84]]],[[[116.835,6.859],[116.858,6.856],[116.856,6.783],[116.768,6.788],[116.835,6.859]]],[[[116.821,6.862],[116.821,6.862]]],[[[117.474,6.894],[117.474,6.894]]],[[[117.345,6.923],[117.324,6.936],[117.345,6.923]]],[[[117.2,6.982],[117.2,6.982]]],[[[116.722,6.989],[116.722,6.989]]],[[[117.154,7.013],[117.197,6.956],[117.253,6.941],[117.254,6.866],[117.217,6.819],[117.283,6.731],[117.283,6.59],[117.206,6.553],[117.157,6.564],[117.097,6.519],[116.998,6.522],[116.994,6.549],[116.92,6.524],[116.924,6.62],[116.878,6.622],[116.982,6.703],[116.993,6.776],[117.057,6.838],[117.032,6.95],[117.073,6.937],[117.059,6.975],[117.154,7.013]]],[[[116.747,7.035],[116.829,6.967],[116.86,6.878],[116.787,6.886],[116.77,6.858],[116.723,6.903],[116.747,6.919],[116.702,6.953],[116.747,7.035]]],[[[117.261,7.072],[117.261,7.072]]],[[[117.025,7.073],[117.025,7.073]]],[[[117.312,7.071],[117.348,7.048],[117.305,7.014],[117.261,7.06],[117.312,7.071]]],[[[117.282,7.09],[117.282,7.09]]],[[[117.044,7.091],[117.044,7.091]]],[[[117.049,7.102],[117.049,7.102]]],[[[117.095,7.108],[117.095,7.108]]],[[[117.098,7.121],[117.098,7.121]]],[[[117.113,7.134],[117.113,7.134]]],[[[117.15,7.156],[117.141,7.126],[117.117,7.136],[117.15,7.156]]],[[[117.157,7.168],[117.157,7.168]]],[[[117.198,7.178],[117.163,7.148],[117.198,7.178]]],[[[117.202,7.182],[117.202,7.182]]],[[[116.862,7.19],[116.862,7.19]]],[[[117.331,7.204],[117.331,7.204]]],[[[116.845,7.203],[116.845,7.203]]],[[[117.338,7.229],[117.318,7.223],[117.338,7.229]]],[[[117.338,7.236],[117.338,7.236]]],[[[117.322,7.241],[117.304,7.204],[117.292,7.227],[117.322,7.241]]],[[[117.315,7.261],[117.315,7.261]]],[[[117.306,7.258],[117.306,7.258]]],[[[117.303,7.263],[117.303,7.263]]],[[[117.312,7.263],[117.312,7.263]]],[[[117.311,7.268],[117.311,7.268]]],[[[117.341,7.273],[117.341,7.273]]],[[[117.29,7.272],[117.29,7.272]]],[[[117.292,7.279],[117.292,7.279]]],[[[117.273,7.281],[117.273,7.281]]],[[[117.293,7.282],[117.293,7.282]]],[[[117.284,7.285],[117.284,7.285]]],[[[117.276,7.286],[117.276,7.286]]],[[[117.296,7.288],[117.296,7.288]]],[[[117.282,7.299],[117.282,7.299]]],[[[117.298,7.298],[117.298,7.298]]],[[[117.315,7.316],[117.315,7.316]]],[[[117.32,7.32],[117.32,7.32]]],[[[117.129,7.332],[117.129,7.332]]],[[[117.329,7.332],[117.329,7.332]]],[[[117.352,7.341],[117.352,7.341]]],[[[117.048,7.338],[117.048,7.338]]],[[[117.002,7.357],[117.021,7.273],[116.979,7.308],[116.987,7.244],[116.9,7.239],[116.868,7.221],[116.889,7.201],[116.854,7.198],[116.888,7.289],[116.982,7.32],[117.002,7.357]]],[[[117.237,7.361],[117.295,7.325],[117.26,7.276],[117.284,7.232],[117.26,7.19],[117.247,7.226],[117.222,7.185],[117.086,7.141],[117.073,7.101],[117.061,7.293],[117.151,7.352],[117.237,7.361]]],[[[117.329,7.369],[117.329,7.369]]]]}},{"type":"Feature","properties":{"state":"Sabah","parlimen":"P.168 Kota Marudu","code_state":12,"code_parlimen":"P.168"},"geometry":{"type":"MultiPolygon","coordinates":[[[[116.784,6.565],[116.784,6.565]]],[[[116.774,6.569],[116.774,6.569]]],[[[116.781,6.566],[116.781,6.566]]],[[[116.783,6.566],[116.783,6.566]]],[[[116.799,6.57],[116.799,6.57]]],[[[116.786,6.571],[116.786,6.571]]],[[[116.782,6.572],[116.782,6.572]]],[[[116.785,6.577],[116.785,6.577]]],[[[116.766,6.573],[116.766,6.573]]],[[[116.765,6.583],[116.765,6.583]]],[[[116.774,6.584],[116.774,6.584]]],[[[116.761,6.585],[116.761,6.585]]],[[[116.761,6.585],[116.761,6.585]]],[[[116.758,6.602],[116.758,6.602]]],[[[116.735,6.929],[116.723,6.903],[116.765,6.89],[116.747,6.876],[116.818,6.861],[116.821,6.82],[116.768,6.788],[116.859,6.775],[116.754,6.637],[116.751,6.587],[116.812,6.562],[116.86,6.616],[116.924,6.62],[116.92,6.524],[116.994,6.549],[116.998,6.522],[117.097,6.519],[117.079,6.428],[117.103,6.384],[117.095,6.362],[117.089,6.357],[116.929,6.319],[116.794,6.221],[116.659,6.2],[116.614,6.25],[116.642,6.333],[116.594,6.357],[116.589,6.439],[116.654,6.629],[116.619,6.673],[116.646,6.717],[116.627,6.781],[116.674,6.82],[116.64,6.864],[116.735,6.929]]]]}},{"type":"Feature","properties":{"state":"Sabah","parlimen":"P.169 Kota Belud","code_state":12,"code_parlimen":"P.169"},"geometry":{"type":"MultiPolygon","coordinates":[[[[116.31,6.309],[116.31,6.309]]],[[[116.309,6.352],[116.309,6.352]]],[[[116.338,6.402],[116.338,6.402]]],[[[116.622,6.666],[116.655,6.639],[116.589,6.439],[116.594,6.357],[116.64,6.341],[116.614,6.25],[116.662,6.211],[116.606,6.17],[116.582,6.067],[116.528,6.004],[116.457,6.03],[116.383,6.289],[116.301,6.293],[116.331,6.309],[116.321,6.372],[116.484,6.48],[116.57,6.654],[116.622,6.666]]],[[[116.349,6.72],[116.371,6.71],[116.349,6.72]]]]}},{"type":"Feature","properties":{"state":"Sabah","parlimen":"P.170 Tuaran","code_state":12,"code_parlimen":"P.170"},"geometry":{"type":"MultiPolygon","coordinates":[[[[116.282,6.236],[116.282,6.236]]],[[[116.271,6.242],[116.271,6.242]]],[[[116.295,6.315],[116.304,6.288],[116.383,6.289],[116.457,6.03],[116.514,6.017],[116.367,5.814],[116.261,5.904],[116.26,5.917],[116.258,5.925],[116.33,5.922],[116.307,5.968],[116.261,5.972],[116.275,6.047],[116.215,6.035],[116.192,6.124],[116.14,6.1],[116.136,6.116],[116.13,6.123],[116.196,6.235],[116.285,6.232],[116.284,6.277],[116.205,6.242],[116.295,6.315]]]]}},{"type":"Feature","properties":{"state":"Sabah","parlimen":"P.171 Sepanggar","code_state":12,"code_parlimen":"P.171"},"geometry":{"type":"MultiPolygon","coordinates":[[[[116.08,6.077],[116.068,6.058],[116.08,6.077]]],[[[116.088,6.078],[116.088,6.078]]],[[[116.095,6.084],[116.095,6.084]]],[[[116.097,6.087],[116.097,6.087]]],[[[116.138,6.137],[116.137,6.097],[116.192,6.124],[116.215,6.035],[116.275,6.047],[116.261,5.972],[116.307,5.968],[116.329,5.919],[116.093,5.953],[116.132,6.086],[116.084,6.107],[116.138,6.137]]]]}},{"type":"Feature","properties":{"state":"Sabah","parlimen":"P.172 Kota Kinabalu","code_state":12,"code_parlimen":"P.172"},"geometry":{"type":"MultiPolygon","coordinates":[[[[116.09,5.998],[116.114,5.974],[116.06,5.934],[116.09,5.998]]]]}},{"type":"Feature","properties":{"state":"Sabah","parlimen":"P.173 Putatan","code_state":12,"code_parlimen":"P.173"},"geometry":{"type":"MultiPolygon","coordinates":[[[[116.048,5.874],[116.048,5.874]]],[[[116.048,5.875],[116.048,5.875]]],[[[115.993,5.962],[115.993,5.962]]],[[[116.013,5.965],[116.013,5.965]]],[[[116.003,5.977],[116.003,5.977]]],[[[116.06,5.979],[116.08,5.868],[116.042,5.826],[116.06,5.979]]],[[[116.009,6.008],[116.009,6.008]]],[[[116.017,6.039],[116.067,5.996],[116.008,6.012],[116.017,6.039]]],[[[115.604,6.212],[115.593,6.187],[115.604,6.212]]]]}},{"type":"Feature","properties":{"state":"Sabah","parlimen":"P.174 Penampang","code_state":12,"code_parlimen":"P.174"},"geometry":{"type":"MultiPolygon","coordinates":[[[[116.124,5.956],[116.247,5.945],[116.287,5.86],[116.335,5.836],[116.35,5.771],[116.287,5.735],[116.221,5.741],[116.155,5.796],[116.127,5.784],[116.134,5.815],[116.062,5.833],[116.056,5.943],[116.124,5.956]]]]}},{"type":"Feature","properties":{"state":"Sabah","parlimen":"P.175 Papar","code_state":12,"code_parlimen":"P.175"},"geometry":{"type":"MultiPolygon","coordinates":[[[[116.013,5.84],[116.013,5.84]]],[[[116.058,5.84],[116.134,5.815],[116.127,5.784],[116.288,5.734],[116.233,5.67],[116.191,5.697],[116.179,5.627],[116.077,5.57],[116.018,5.696],[115.928,5.687],[115.887,5.643],[115.904,5.751],[116.058,5.84]]],[[[115.992,5.845],[115.992,5.845]]]]}},{"type":"Feature","properties":{"state":"Sabah","parlimen":"P.176 Kimanis","code_state":12,"code_parlimen":"P.176"},"geometry":{"type":"MultiPolygon","coordinates":[[[[115.834,5.395],[115.834,5.395]]],[[[115.834,5.395],[115.803,5.419],[115.785,5.38],[115.764,5.396],[115.655,5.54],[115.814,5.543],[115.867,5.576],[115.928,5.687],[116.018,5.696],[116.077,5.57],[116.06,5.467],[115.993,5.439],[115.993,5.416],[115.998,5.394],[115.945,5.361],[115.942,5.322],[115.834,5.395]]]]}},{"type":"Feature","properties":{"state":"Sabah","parlimen":"P.177 Beaufort","code_state":12,"code_parlimen":"P.177"},"geometry":{"type":"MultiPolygon","coordinates":[[[[115.433,5.262],[115.433,5.262]]],[[[115.43,5.272],[115.43,5.272]]],[[[115.353,5.288],[115.353,5.288]]],[[[115.375,5.292],[115.375,5.292]]],[[[115.381,5.303],[115.381,5.303]]],[[[115.399,5.291],[115.379,5.295],[115.399,5.291]]],[[[115.385,5.308],[115.385,5.308]]],[[[115.834,5.395],[115.834,5.395]]],[[[115.834,5.395],[115.834,5.395]]],[[[115.821,5.412],[115.942,5.322],[115.92,5.286],[115.862,5.291],[115.837,5.246],[115.801,5.271],[115.795,5.341],[115.699,5.344],[115.689,5.382],[115.622,5.384],[115.577,5.438],[115.486,5.38],[115.477,5.282],[115.442,5.245],[115.397,5.327],[115.339,5.298],[115.376,5.404],[115.547,5.541],[115.594,5.631],[115.621,5.614],[115.586,5.536],[115.607,5.521],[115.604,5.571],[115.659,5.542],[115.659,5.505],[115.785,5.38],[115.821,5.412]]],[[[115.647,5.734],[115.667,5.705],[115.647,5.734]]]]}},{"type":"Feature","properties":{"state":"Sabah","parlimen":"P.178 Sipitang","code_state":12,"code_parlimen":"P.178"},"geometry":{"type":"MultiPolygon","coordinates":[[[[115.584,5.195],[115.584,5.195]]],[[[115.587,5.199],[115.587,5.199]]],[[[115.581,5.435],[115.628,5.381],[115.689,5.382],[115.699,5.344],[115.795,5.341],[115.801,5.271],[115.838,5.241],[115.768,5.057],[115.837,5.002],[115.821,4.634],[115.864,4.579],[115.872,4.296],[115.817,4.226],[115.764,4.244],[115.727,4.19],[115.703,4.197],[115.674,4.115],[115.628,4.168],[115.667,4.329],[115.587,4.365],[115.545,4.6],[115.655,4.772],[115.623,4.968],[115.579,4.995],[115.504,4.958],[115.449,4.972],[115.458,5.01],[115.547,5.072],[115.573,5.187],[115.595,5.183],[115.593,5.224],[115.55,5.183],[115.553,5.205],[115.441,5.24],[115.477,5.282],[115.486,5.38],[115.581,5.435]]]]}},{"type":"Feature","properties":{"state":"Sabah","parlimen":"P.179 Ranau","code_state":12,"code_parlimen":"P.179"},"geometry":{"type":"MultiPolygon","coordinates":[[[[116.936,6.319],[117.032,6.236],[117.178,6.174],[117.178,6.129],[117.125,6.113],[117.172,6.06],[117.1,5.897],[117.018,5.922],[116.974,6.005],[116.855,5.925],[116.858,5.863],[116.96,5.818],[117.028,5.716],[116.892,5.678],[116.869,5.529],[116.802,5.483],[116.557,5.57],[116.597,5.668],[116.579,5.753],[116.616,5.789],[116.577,5.866],[116.459,5.925],[116.573,6.049],[116.606,6.17],[116.696,6.223],[116.794,6.221],[116.936,6.319]]]]}},{"type":"Feature","properties":{"state":"Sabah","parlimen":"P.180 Keningau","code_state":12,"code_parlimen":"P.180"},"geometry":{"type":"MultiPolygon","coordinates":[[[[116.464,5.924],[116.577,5.866],[116.616,5.789],[116.579,5.753],[116.603,5.726],[116.565,5.565],[116.397,5.517],[116.361,5.455],[116.274,5.454],[116.074,5.225],[115.995,5.215],[115.989,5.266],[116.043,5.329],[116.007,5.444],[116.064,5.474],[116.077,5.57],[116.179,5.627],[116.191,5.697],[116.233,5.67],[116.35,5.771],[116.336,5.828],[116.376,5.818],[116.419,5.913],[116.464,5.924]]]]}},{"type":"Feature","properties":{"state":"Sabah","parlimen":"P.181 Tenom","code_state":12,"code_parlimen":"P.181"},"geometry":{"type":"MultiPolygon","coordinates":[[[[116.027,5.387],[116.037,5.305],[116,5.292],[116.024,5.278],[115.983,5.236],[116.054,5.221],[116.008,4.965],[116.139,4.779],[116.131,4.695],[116.107,4.623],[116.046,4.607],[116.013,4.51],[115.965,4.505],[115.946,4.439],[115.877,4.388],[115.864,4.579],[115.821,4.634],[115.837,5.002],[115.768,5.059],[115.855,5.285],[115.927,5.289],[115.945,5.361],[115.998,5.394],[115.998,5.444],[116.027,5.387]]]]}},{"type":"Feature","properties":{"state":"Sabah","parlimen":"P.182 Pensiangan","code_state":12,"code_parlimen":"P.182"},"geometry":{"type":"MultiPolygon","coordinates":[[[[116.571,5.566],[116.664,5.542],[116.652,5.464],[116.678,5.431],[116.59,5.423],[116.568,5.347],[116.592,5.295],[116.45,5.203],[116.489,5.094],[116.546,5.053],[116.525,4.889],[116.595,4.786],[116.579,4.746],[116.621,4.73],[116.685,4.8],[116.792,4.8],[116.868,4.711],[116.876,4.59],[116.989,4.58],[117.025,4.54],[117.085,4.569],[117.142,4.547],[117.062,4.496],[117.022,4.381],[116.954,4.355],[116.903,4.365],[116.836,4.327],[116.753,4.387],[116.7,4.332],[116.629,4.334],[116.565,4.408],[116.536,4.32],[116.488,4.336],[116.442,4.289],[116.354,4.389],[116.277,4.36],[116.168,4.391],[116.155,4.339],[116.111,4.335],[116.068,4.274],[116.026,4.333],[115.929,4.354],[115.902,4.393],[115.965,4.505],[116.018,4.517],[116.046,4.607],[116.107,4.623],[116.131,4.695],[116.139,4.779],[116.01,4.952],[116.046,5.209],[116.274,5.454],[116.361,5.455],[116.397,5.517],[116.571,5.566]]]]}},{"type":"Feature","properties":{"state":"Sabah","parlimen":"P.183 Beluran","code_state":12,"code_parlimen":"P.183"},"geometry":{"type":"MultiPolygon","coordinates":[[[[117.578,5.913],[117.578,5.913]]],[[[117.651,5.932],[117.651,5.932]]],[[[117.699,5.957],[117.684,5.943],[117.699,5.957]]],[[[117.701,6.035],[117.725,6.032],[117.716,5.983],[117.664,5.941],[117.701,6.035]]],[[[117.606,6.18],[117.606,6.18]]],[[[117.646,6.206],[117.653,6.233],[117.646,6.206]]],[[[117.725,6.226],[117.723,6.271],[117.725,6.226]]],[[[117.464,6.567],[117.464,6.567]]],[[[117.473,6.573],[117.473,6.573]]],[[[117.4,6.594],[117.4,6.594]]],[[[117.388,6.609],[117.388,6.609]]],[[[117.522,6.631],[117.551,6.536],[117.659,6.499],[117.742,6.426],[117.723,6.249],[117.645,6.237],[117.583,6.178],[117.635,6.117],[117.61,6.101],[117.659,6.066],[117.625,6.009],[117.647,6.024],[117.682,5.968],[117.629,5.922],[117.504,5.889],[117.624,5.897],[117.627,5.813],[117.646,5.805],[117.661,5.796],[117.642,5.759],[117.687,5.724],[117.357,5.677],[117.388,5.624],[117.32,5.609],[117.263,5.519],[117.114,5.526],[117.088,5.574],[116.962,5.585],[116.883,5.665],[117.028,5.716],[116.96,5.818],[116.858,5.863],[116.855,5.925],[116.974,6.005],[117.018,5.922],[117.1,5.897],[117.172,6.06],[117.126,6.118],[117.182,6.153],[117.152,6.199],[117.032,6.236],[116.947,6.313],[116.999,6.353],[117.094,6.361],[117.101,6.54],[117.206,6.553],[117.322,6.621],[117.396,6.599],[117.413,6.559],[117.473,6.555],[117.522,6.631]]],[[[117.472,6.757],[117.51,6.693],[117.489,6.647],[117.399,6.618],[117.326,6.656],[117.435,6.69],[117.393,6.744],[117.472,6.757]]]]}},{"type":"Feature","properties":{"state":"Sabah","parlimen":"P.184 Libaran","code_state":12,"code_parlimen":"P.184"},"geometry":{"type":"MultiPolygon","coordinates":[[[[118.109,5.928],[118.109,5.928]]],[[[118.013,6.06],[118.013,6.06]]],[[[117.991,6.061],[118.014,6.026],[118.046,6.035],[118.069,5.952],[118.044,5.929],[118.099,5.883],[118.011,5.834],[117.996,5.862],[117.914,5.867],[117.911,5.817],[117.797,5.761],[117.809,5.72],[117.696,5.706],[117.687,5.744],[117.642,5.759],[117.661,5.796],[117.646,5.805],[117.627,5.813],[117.617,5.893],[117.887,5.946],[117.991,6.061]]],[[[117.964,6.068],[117.964,6.068]]],[[[117.998,6.082],[117.998,6.082]]],[[[118.001,6.116],[118.001,6.116]]],[[[118.016,6.109],[118.016,6.109]]],[[[118.048,6.123],[118.048,6.123]]],[[[118.027,6.125],[118.027,6.125]]],[[[118.054,6.148],[118.054,6.148]]],[[[118.112,6.166],[118.112,6.166]]],[[[118.061,6.172],[118.061,6.172]]]]}},{"type":"Feature","properties":{"state":"Sabah","parlimen":"P.185 Batu Sapi","code_state":12,"code_parlimen":"P.185"},"geometry":{"type":"MultiPolygon","coordinates":[[[[117.96,5.737],[117.96,5.737]]],[[[117.92,5.749],[117.92,5.749]]],[[[117.928,5.754],[117.928,5.754]]],[[[118.021,5.759],[118.021,5.759]]],[[[117.942,5.77],[117.942,5.77]]],[[[117.917,5.773],[117.895,5.757],[117.917,5.773]]],[[[118.009,5.775],[118.009,5.775]]],[[[117.993,5.78],[117.993,5.78]]],[[[117.99,5.787],[117.99,5.787]]],[[[117.98,5.792],[117.98,5.792]]],[[[117.93,5.794],[118.015,5.755],[117.971,5.743],[117.93,5.794]]],[[[118.049,5.87],[118.068,5.836],[118.081,5.857],[118.117,5.837],[118.03,5.79],[118.008,5.829],[117.893,5.794],[117.901,5.746],[117.95,5.725],[117.919,5.711],[117.955,5.69],[117.922,5.655],[117.99,5.681],[117.969,5.614],[117.905,5.654],[117.83,5.605],[117.817,5.686],[117.711,5.676],[117.713,5.7],[117.809,5.72],[117.797,5.761],[117.911,5.817],[117.914,5.867],[117.996,5.862],[118.011,5.834],[118.049,5.87]]]]}},{"type":"Feature","properties":{"state":"Sabah","parlimen":"P.186 Sandakan","code_state":12,"code_parlimen":"P.186"},"geometry":{"type":"MultiPolygon","coordinates":[[[[118.094,5.88],[118.131,5.847],[118.066,5.837],[118.055,5.865],[118.094,5.88]]],[[[118.146,5.882],[118.143,5.855],[118.146,5.882]]]]}},{"type":"Feature","properties":{"state":"Sabah","parlimen":"P.187 Kinabatangan","code_state":12,"code_parlimen":"P.187"},"geometry":{"type":"MultiPolygon","coordinates":[[[[118.117,5.698],[118.117,5.698]]],[[[118.119,5.708],[118.119,5.708]]],[[[118.132,5.708],[118.132,5.708]]],[[[118.101,5.711],[118.101,5.711]]],[[[118.094,5.711],[118.094,5.711]]],[[[118.115,5.724],[118.115,5.724]]],[[[118.104,5.72],[118.104,5.72]]],[[[118.107,5.725],[118.107,5.725]]],[[[118.115,5.726],[118.115,5.726]]],[[[118.135,5.751],[118.135,5.751]]],[[[118.115,5.772],[118.115,5.772]]],[[[118.116,5.773],[118.116,5.773]]],[[[118.099,5.784],[118.122,5.778],[118.099,5.784]]],[[[118.346,5.79],[118.346,5.79]]],[[[118.156,5.81],[118.156,5.81]]],[[[118.251,5.836],[118.328,5.816],[118.303,5.786],[118.331,5.803],[118.348,5.775],[118.353,5.826],[118.58,5.681],[118.606,5.645],[118.57,5.629],[118.552,5.536],[118.525,5.529],[118.545,5.515],[118.593,5.622],[118.635,5.643],[118.798,5.509],[118.801,5.436],[118.809,5.509],[118.911,5.446],[118.924,5.434],[118.935,5.417],[118.882,5.387],[118.909,5.343],[118.842,5.324],[118.771,5.356],[118.686,5.321],[118.61,5.356],[118.513,5.339],[118.512,5.311],[118.456,5.289],[118.429,5.333],[118.279,5.239],[117.995,5.182],[117.787,5.24],[117.703,5.149],[117.671,5.027],[117.511,4.939],[117.518,4.873],[117.468,4.79],[117.487,4.716],[117.443,4.614],[117.337,4.626],[117.278,4.729],[117.18,4.679],[117.094,4.705],[117.046,4.624],[117.103,4.579],[117.024,4.54],[116.989,4.58],[116.876,4.59],[116.868,4.711],[116.792,4.8],[116.685,4.8],[116.621,4.73],[116.579,4.746],[116.595,4.786],[116.525,4.889],[116.546,5.053],[116.489,5.094],[116.45,5.203],[116.592,5.295],[116.568,5.347],[116.589,5.421],[116.677,5.429],[116.652,5.464],[116.673,5.528],[116.833,5.485],[116.906,5.627],[116.975,5.581],[117.09,5.573],[117.114,5.526],[117.263,5.519],[117.32,5.609],[117.388,5.624],[117.357,5.677],[117.687,5.724],[117.711,5.676],[117.817,5.686],[117.83,5.605],[117.905,5.654],[117.951,5.609],[117.99,5.681],[118.057,5.722],[118.079,5.692],[118.112,5.706],[118.128,5.663],[118.152,5.679],[118.135,5.742],[118.211,5.741],[118.165,5.75],[118.174,5.784],[118.146,5.797],[118.251,5.836]]],[[[118.186,5.852],[118.231,5.834],[118.157,5.817],[118.186,5.852]]]]}},{"type":"Feature","properties":{"state":"Sabah","parlimen":"P.188 Lahad Datu","code_state":12,"code_parlimen":"P.188"},"geometry":{"type":"MultiPolygon","coordinates":[[[[118.306,4.769],[118.306,4.769]]],[[[118.391,4.763],[118.391,4.763]]],[[[118.313,4.785],[118.313,4.785]]],[[[118.29,4.786],[118.29,4.786]]],[[[118.364,4.804],[118.417,4.784],[118.364,4.804]]],[[[118.315,4.809],[118.315,4.809]]],[[[118.285,4.819],[118.285,4.819]]],[[[118.171,4.902],[118.171,4.902]]],[[[118.24,4.922],[118.24,4.922]]],[[[118.237,4.925],[118.237,4.925]]],[[[118.203,4.931],[118.203,4.931]]],[[[118.228,4.932],[118.228,4.932]]],[[[118.234,4.93],[118.234,4.93]]],[[[118.219,4.94],[118.219,4.94]]],[[[118.211,4.939],[118.211,4.939]]],[[[118.299,4.946],[118.299,4.946]]],[[[118.255,4.948],[118.255,4.948]]],[[[118.31,4.947],[118.31,4.947]]],[[[118.322,4.948],[118.322,4.948]]],[[[118.307,4.951],[118.307,4.951]]],[[[118.328,4.95],[118.328,4.95]]],[[[118.299,4.949],[118.299,4.949]]],[[[118.308,4.968],[118.308,4.968]]],[[[118.289,4.966],[118.289,4.966]]],[[[118.288,4.969],[118.288,4.969]]],[[[118.315,4.974],[118.315,4.974]]],[[[118.313,4.977],[118.313,4.977]]],[[[118.316,4.976],[118.316,4.976]]],[[[118.324,4.981],[118.324,4.981]]],[[[118.363,4.982],[118.363,4.982]]],[[[118.369,4.98],[118.369,4.98]]],[[[118.291,4.981],[118.291,4.981]]],[[[118.318,4.984],[118.318,4.984]]],[[[118.315,4.988],[118.315,4.988]]],[[[118.342,4.992],[118.386,4.979],[118.304,4.953],[118.342,4.992]]],[[[118.331,4.992],[118.331,4.992]]],[[[118.945,5.397],[118.898,5.386],[118.945,5.397]]],[[[119.172,5.443],[119.256,5.359],[119.269,5.234],[119.165,5.107],[118.677,4.931],[118.548,4.962],[118.471,4.923],[118.435,5.005],[118.335,5.023],[118.303,4.961],[118.29,4.989],[118.282,4.963],[118.236,4.978],[118.157,4.879],[118.126,4.884],[118.131,4.84],[118.19,4.807],[118.206,4.73],[118.32,4.631],[118.248,4.559],[118.242,4.5],[118.217,4.575],[118.164,4.602],[118.05,4.628],[117.96,4.609],[117.944,4.646],[117.838,4.594],[117.725,4.772],[117.657,4.721],[117.622,4.742],[117.583,4.72],[117.539,4.779],[117.468,4.785],[117.518,4.873],[117.511,4.939],[117.671,5.027],[117.703,5.149],[117.787,5.24],[117.995,5.182],[118.279,5.239],[118.429,5.333],[118.456,5.289],[118.512,5.311],[118.513,5.339],[118.61,5.356],[118.686,5.321],[118.771,5.356],[118.842,5.324],[118.971,5.38],[118.945,5.431],[119.055,5.4],[119.172,5.443]]],[[[119.142,5.461],[119.104,5.439],[119.142,5.461]]]]}},{"type":"Feature","properties":{"state":"Sabah","parlimen":"P.189 Semporna","code_state":12,"code_parlimen":"P.189"},"geometry":{"type":"MultiPolygon","coordinates":[[[[118.63,4.112],[118.63,4.112]]],[[[118.684,4.224],[118.684,4.224]]],[[[118.632,4.248],[118.632,4.248]]],[[[118.861,4.307],[118.861,4.307]]],[[[118.873,4.315],[118.873,4.315]]],[[[118.565,4.338],[118.565,4.338]]],[[[118.597,4.361],[118.597,4.361]]],[[[118.601,4.373],[118.601,4.373]]],[[[118.661,4.392],[118.661,4.392]]],[[[118.664,4.422],[118.664,4.422]]],[[[118.755,4.428],[118.755,4.428]]],[[[118.655,4.436],[118.655,4.436]]],[[[118.655,4.437],[118.655,4.437]]],[[[118.739,4.453],[118.739,4.453]]],[[[118.744,4.458],[118.744,4.458]]],[[[118.637,4.462],[118.637,4.462]]],[[[118.639,4.462],[118.639,4.462]]],[[[118.637,4.463],[118.637,4.463]]],[[[118.638,4.464],[118.638,4.464]]],[[[118.635,4.469],[118.635,4.469]]],[[[118.639,4.486],[118.639,4.486]]],[[[118.642,4.496],[118.754,4.456],[118.643,4.416],[118.642,4.496]]],[[[118.842,4.533],[118.842,4.533]]],[[[118.559,4.544],[118.559,4.544]]],[[[118.557,4.547],[118.557,4.547]]],[[[118.494,4.514],[118.496,4.556],[118.494,4.514]]],[[[118.921,4.553],[118.921,4.553]]],[[[118.559,4.56],[118.559,4.56]]],[[[118.562,4.561],[118.562,4.561]]],[[[118.661,4.556],[118.661,4.556]]],[[[118.563,4.562],[118.563,4.562]]],[[[118.566,4.565],[118.566,4.565]]],[[[118.607,4.567],[118.607,4.567]]],[[[118.569,4.567],[118.569,4.567]]],[[[118.499,4.578],[118.499,4.578]]],[[[118.58,4.579],[118.577,4.549],[118.522,4.533],[118.58,4.579]]],[[[118.697,4.573],[118.697,4.573]]],[[[118.951,4.571],[118.951,4.571]]],[[[118.917,4.577],[118.917,4.577]]],[[[118.52,4.585],[118.52,4.585]]],[[[118.515,4.588],[118.515,4.588]]],[[[118.946,4.588],[118.946,4.588]]],[[[118.506,4.591],[118.506,4.591]]],[[[118.491,4.595],[118.491,4.595]]],[[[118.867,4.592],[118.867,4.592]]],[[[118.721,4.595],[118.721,4.595]]],[[[118.565,4.602],[118.565,4.602]]],[[[118.563,4.602],[118.563,4.602]]],[[[118.533,4.606],[118.533,4.606]]],[[[118.689,4.602],[118.689,4.602]]],[[[118.537,4.61],[118.537,4.61]]],[[[118.787,4.609],[118.781,4.587],[118.787,4.609]]],[[[118.755,4.628],[118.782,4.613],[118.722,4.603],[118.755,4.628]]],[[[118.356,4.633],[118.404,4.574],[118.433,4.601],[118.488,4.563],[118.452,4.52],[118.488,4.486],[118.475,4.452],[118.54,4.525],[118.592,4.513],[118.571,4.489],[118.618,4.481],[118.64,4.434],[118.61,4.403],[118.591,4.443],[118.571,4.432],[118.596,4.399],[118.549,4.38],[118.547,4.349],[118.355,4.34],[118.25,4.418],[118.24,4.492],[118.268,4.584],[118.356,4.633]]],[[[118.793,4.633],[118.793,4.633]]],[[[118.347,4.639],[118.347,4.639]]],[[[118.337,4.64],[118.337,4.64]]],[[[118.657,4.649],[118.657,4.649]]],[[[118.543,4.664],[118.543,4.664]]],[[[118.377,4.669],[118.377,4.669]]],[[[118.422,4.689],[118.422,4.689]]],[[[118.457,4.7],[118.496,4.641],[118.516,4.661],[118.586,4.626],[118.552,4.588],[118.544,4.617],[118.514,4.597],[118.32,4.657],[118.43,4.663],[118.457,4.7]]],[[[118.412,4.711],[118.432,4.692],[118.389,4.701],[118.412,4.711]]],[[[118.463,4.72],[118.463,4.72]]]]}},{"type":"Feature","properties":{"state":"Sabah","parlimen":"P.190 Tawau","code_state":12,"code_parlimen":"P.190"},"geometry":{"type":"MultiPolygon","coordinates":[[[[118.05,4.628],[118.212,4.581],[118.25,4.418],[118.36,4.318],[118.168,4.297],[117.996,4.222],[117.879,4.245],[117.891,4.283],[117.955,4.298],[117.935,4.47],[117.957,4.611],[118.05,4.628]]]]}},{"type":"Feature","properties":{"state":"Sabah","parlimen":"P.191 Kalabakan","code_state":12,"code_parlimen":"P.191"},"geometry":{"type":"MultiPolygon","coordinates":[[[[117.637,4.186],[117.637,4.186]]],[[[117.691,4.265],[117.901,4.166],[117.672,4.171],[117.626,4.219],[117.691,4.265]]],[[[117.514,4.787],[117.583,4.72],[117.746,4.76],[117.838,4.594],[117.954,4.646],[117.954,4.296],[117.891,4.283],[117.877,4.249],[117.803,4.335],[117.72,4.357],[117.678,4.404],[117.59,4.401],[117.629,4.347],[117.614,4.3],[117.658,4.276],[117.607,4.218],[117.622,4.159],[117.573,4.181],[117.526,4.161],[117.442,4.192],[117.43,4.234],[117.292,4.314],[117.248,4.374],[117.201,4.336],[117.042,4.346],[117.02,4.319],[116.954,4.35],[117.043,4.404],[117.026,4.439],[117.093,4.537],[117.142,4.547],[117.047,4.617],[117.086,4.701],[117.18,4.679],[117.278,4.729],[117.337,4.626],[117.443,4.614],[117.487,4.716],[117.468,4.785],[117.514,4.787]]]]}},{"type":"Feature","properties":{"state":"Sarawak","parlimen":"P.192 Mas Gading","code_state":13,"code_parlimen":"P.192"},"geometry":{"type":"MultiPolygon","coordinates":[[[[109.715,1.811],[109.775,1.79],[109.823,1.662],[109.883,1.631],[109.915,1.561],[109.93,1.584],[109.976,1.559],[110.036,1.586],[110.213,1.579],[110.184,1.547],[110.214,1.51],[110.191,1.377],[110.087,1.366],[110.033,1.323],[110.041,1.27],[109.974,1.297],[109.956,1.402],[109.83,1.422],[109.832,1.483],[109.797,1.465],[109.792,1.505],[109.655,1.618],[109.679,1.782],[109.658,1.8],[109.715,1.811]]]]}},{"type":"Feature","properties":{"state":"Sarawak","parlimen":"P.193 Santubong","code_state":13,"code_parlimen":"P.193"},"geometry":{"type":"MultiPolygon","coordinates":[[[[109.828,1.873],[109.828,1.873]]],[[[109.649,2.038],[109.641,1.927],[109.677,1.86],[109.846,1.787],[109.877,1.724],[110.199,1.7],[110.296,1.726],[110.331,1.805],[110.377,1.693],[110.427,1.694],[110.439,1.732],[110.488,1.723],[110.499,1.751],[110.519,1.726],[110.472,1.664],[110.51,1.617],[110.491,1.572],[110.46,1.542],[110.42,1.564],[110.389,1.499],[110.368,1.541],[110.4,1.575],[110.344,1.559],[110.382,1.581],[110.348,1.631],[110.288,1.589],[110.191,1.601],[110.157,1.563],[110.036,1.586],[109.915,1.561],[109.883,1.631],[109.823,1.662],[109.771,1.793],[109.575,1.798],[109.531,1.927],[109.558,1.937],[109.546,1.966],[109.62,1.991],[109.639,2.082],[109.649,2.038]]]]}},{"type":"Feature","properties":{"state":"Sarawak","parlimen":"P.194 Petra Jaya","code_state":13,"code_parlimen":"P.194"},"geometry":{"type":"MultiPolygon","coordinates":[[[[110.353,1.621],[110.382,1.581],[110.297,1.525],[110.184,1.547],[110.213,1.56],[110.191,1.601],[110.285,1.588],[110.353,1.621]]]]}},{"type":"Feature","properties":{"state":"Sarawak","parlimen":"P.195 Bandar Kuching","code_state":13,"code_parlimen":"P.195"},"geometry":{"type":"MultiPolygon","coordinates":[[[[110.394,1.566],[110.368,1.541],[110.383,1.511],[110.305,1.539],[110.394,1.566]]]]}},{"type":"Feature","properties":{"state":"Sarawak","parlimen":"P.196 Stampin","code_state":13,"code_parlimen":"P.196"},"geometry":{"type":"MultiPolygon","coordinates":[[[[110.255,1.55],[110.279,1.518],[110.325,1.535],[110.389,1.499],[110.344,1.449],[110.312,1.46],[110.343,1.405],[110.311,1.414],[110.318,1.382],[110.26,1.395],[110.274,1.441],[110.207,1.495],[110.213,1.533],[110.255,1.55]]]]}},{"type":"Feature","properties":{"state":"Sarawak","parlimen":"P.197 Kota Samarahan","code_state":13,"code_parlimen":"P.197"},"geometry":{"type":"MultiPolygon","coordinates":[[[[110.521,1.59],[110.601,1.6],[110.659,1.565],[110.617,1.408],[110.563,1.41],[110.539,1.374],[110.584,1.265],[110.504,1.228],[110.442,1.287],[110.461,1.364],[110.379,1.407],[110.32,1.376],[110.311,1.414],[110.342,1.413],[110.307,1.45],[110.377,1.478],[110.42,1.564],[110.46,1.542],[110.51,1.617],[110.521,1.59]]]]}},{"type":"Feature","properties":{"state":"Sarawak","parlimen":"P.198 Puncak Borneo","code_state":13,"code_parlimen":"P.198"},"geometry":{"type":"MultiPolygon","coordinates":[[[[110.216,1.492],[110.274,1.441],[110.268,1.39],[110.321,1.375],[110.379,1.407],[110.461,1.364],[110.442,1.287],[110.504,1.228],[110.583,1.264],[110.588,1.298],[110.606,1.294],[110.625,1.294],[110.653,1.254],[110.635,1.202],[110.588,1.164],[110.547,1.197],[110.554,1.16],[110.445,1.242],[110.416,1.139],[110.259,1.052],[110.184,1.185],[110.057,1.21],[110.033,1.313],[110.131,1.389],[110.19,1.376],[110.192,1.482],[110.216,1.492]]]]}},{"type":"Feature","properties":{"state":"Sarawak","parlimen":"P.199 Serian","code_state":13,"code_parlimen":"P.199"},"geometry":{"type":"MultiPolygon","coordinates":[[[[110.66,1.247],[110.771,1.148],[110.718,1.084],[110.741,1.047],[110.712,1.044],[110.808,0.903],[110.765,0.932],[110.688,0.864],[110.645,0.904],[110.569,0.854],[110.44,0.908],[110.39,0.998],[110.269,0.998],[110.281,1.072],[110.416,1.139],[110.445,1.242],[110.554,1.16],[110.544,1.194],[110.591,1.165],[110.66,1.247]]]]}},{"type":"Feature","properties":{"state":"Sarawak","parlimen":"P.200 Batang Sadong","code_state":13,"code_parlimen":"P.200"},"geometry":{"type":"MultiPolygon","coordinates":[[[[110.671,1.565],[110.752,1.562],[110.745,1.49],[110.694,1.453],[110.699,1.449],[110.777,1.446],[110.846,1.389],[110.863,1.328],[110.931,1.329],[110.932,1.278],[110.965,1.274],[110.961,1.203],[110.879,1.188],[110.843,1.229],[110.757,1.164],[110.625,1.294],[110.556,1.317],[110.539,1.374],[110.563,1.41],[110.617,1.408],[110.671,1.565]]]]}},{"type":"Feature","properties":{"state":"Sarawak","parlimen":"P.201 Batang Lupar","code_state":13,"code_parlimen":"P.201"},"geometry":{"type":"MultiPolygon","coordinates":[[[[111.092,1.775],[111.217,1.694],[111.42,1.639],[111.398,1.599],[111.179,1.536],[111.226,1.471],[111.453,1.393],[111.492,1.347],[111.463,1.234],[111.358,1.256],[111.353,1.31],[111.396,1.336],[111.382,1.354],[111.378,1.356],[111.267,1.341],[111.251,1.387],[111.215,1.391],[111.154,1.315],[111.058,1.381],[110.938,1.41],[110.923,1.336],[110.867,1.326],[110.846,1.389],[110.777,1.446],[110.699,1.449],[110.694,1.453],[110.743,1.486],[110.752,1.562],[110.782,1.578],[110.989,1.517],[111.018,1.663],[111.112,1.692],[111.092,1.775]]]]}},{"type":"Feature","properties":{"state":"Sarawak","parlimen":"P.202 Sri Aman","code_state":13,"code_parlimen":"P.202"},"geometry":{"type":"MultiPolygon","coordinates":[[[[110.945,1.396],[111.058,1.381],[111.154,1.315],[111.215,1.391],[111.251,1.387],[111.267,1.341],[111.38,1.356],[111.358,1.256],[111.422,1.224],[111.492,1.249],[111.551,1.157],[111.604,1.126],[111.642,1.153],[111.608,1.092],[111.657,1.042],[111.573,0.979],[111.542,0.989],[111.542,0.947],[111.482,1.035],[111.407,1.008],[111.225,1.086],[110.9,1.029],[110.854,0.952],[110.803,0.93],[110.712,1.044],[110.741,1.047],[110.718,1.084],[110.757,1.164],[110.798,1.201],[110.835,1.227],[110.879,1.188],[110.961,1.203],[110.965,1.274],[110.932,1.278],[110.92,1.356],[110.945,1.396]]]]}},{"type":"Feature","properties":{"state":"Sarawak","parlimen":"P.203 Lubok Antu","code_state":13,"code_parlimen":"P.203"},"geometry":{"type":"MultiPolygon","coordinates":[[[[111.821,1.586],[111.996,1.567],[112.035,1.482],[112.187,1.445],[112.227,1.393],[112.172,1.305],[112.136,1.135],[111.929,1.122],[111.863,1.013],[111.813,0.985],[111.756,1.022],[111.686,1.019],[111.608,1.088],[111.644,1.151],[111.604,1.126],[111.507,1.192],[111.467,1.315],[111.509,1.368],[111.561,1.361],[111.601,1.404],[111.647,1.386],[111.674,1.469],[111.706,1.457],[111.775,1.574],[111.821,1.586]]]]}},{"type":"Feature","properties":{"state":"Sarawak","parlimen":"P.204 Betong","code_state":13,"code_parlimen":"P.204"},"geometry":{"type":"MultiPolygon","coordinates":[[[[111.523,1.688],[111.559,1.65],[111.621,1.659],[111.657,1.63],[111.723,1.66],[111.77,1.602],[111.74,1.491],[111.705,1.457],[111.674,1.469],[111.647,1.386],[111.601,1.404],[111.491,1.347],[111.453,1.393],[111.226,1.471],[111.179,1.536],[111.398,1.599],[111.523,1.688]]]]}},{"type":"Feature","properties":{"state":"Sarawak","parlimen":"P.205 Saratok","code_state":13,"code_parlimen":"P.205"},"geometry":{"type":"MultiPolygon","coordinates":[[[[111.201,2.026],[111.269,2.036],[111.286,1.996],[111.426,1.98],[111.452,1.897],[111.512,1.865],[111.547,1.79],[111.635,1.742],[111.619,1.659],[111.559,1.65],[111.51,1.69],[111.424,1.621],[111.385,1.664],[111.276,1.68],[111.257,1.68],[111.117,1.751],[111.095,1.825],[111.177,2.03],[111.201,2.026]]]]}},{"type":"Feature","properties":{"state":"Sarawak","parlimen":"P.206 Tanjong Manis","code_state":13,"code_parlimen":"P.206"},"geometry":{"type":"MultiPolygon","coordinates":[[[[111.398,2.766],[111.388,2.718],[111.398,2.766]]],[[[111.419,2.393],[111.573,2.29],[111.631,2.217],[111.634,2.158],[111.539,2.189],[111.504,2.108],[111.457,2.161],[111.477,2.105],[111.432,2.069],[111.432,1.976],[111.286,1.996],[111.269,2.036],[111.198,2.027],[111.173,2.059],[111.19,2.119],[111.137,2.171],[111.206,2.241],[111.183,2.236],[111.177,2.361],[111.202,2.409],[111.244,2.438],[111.242,2.416],[111.338,2.395],[111.295,2.431],[111.273,2.672],[111.324,2.802],[111.381,2.724],[111.373,2.499],[111.419,2.393]]]]}},{"type":"Feature","properties":{"state":"Sarawak","parlimen":"P.207 Igan","code_state":13,"code_parlimen":"P.207"},"geometry":{"type":"MultiPolygon","coordinates":[[[[111.79,2.859],[111.848,2.72],[111.762,2.685],[111.766,2.544],[111.723,2.405],[111.612,2.381],[111.666,2.287],[111.637,2.22],[111.403,2.412],[111.379,2.494],[111.434,2.499],[111.39,2.538],[111.422,2.695],[111.6,2.8],[111.63,2.85],[111.668,2.831],[111.79,2.859]]]]}},{"type":"Feature","properties":{"state":"Sarawak","parlimen":"P.208 Sarikei","code_state":13,"code_parlimen":"P.208"},"geometry":{"type":"MultiPolygon","coordinates":[[[[111.689,2.269],[111.711,2.208],[111.786,2.16],[111.787,2.051],[111.752,1.998],[111.656,1.972],[111.531,2.051],[111.451,1.997],[111.432,2.069],[111.477,2.105],[111.456,2.161],[111.504,2.108],[111.539,2.189],[111.624,2.151],[111.61,2.241],[111.637,2.22],[111.689,2.269]]]]}},{"type":"Feature","properties":{"state":"Sarawak","parlimen":"P.209 Julau","code_state":13,"code_parlimen":"P.209"},"geometry":{"type":"MultiPolygon","coordinates":[[[[111.9,2.075],[111.959,2.061],[111.953,1.934],[112.047,1.867],[112.016,1.826],[112.166,1.743],[112.208,1.661],[112.062,1.617],[112.062,1.576],[111.777,1.576],[111.723,1.66],[111.629,1.634],[111.635,1.742],[111.544,1.793],[111.425,1.955],[111.49,2.043],[111.564,2.04],[111.656,1.972],[111.9,2.075]]]]}},{"type":"Feature","properties":{"state":"Sarawak","parlimen":"P.210 Kanowit","code_state":13,"code_parlimen":"P.210"},"geometry":{"type":"MultiPolygon","coordinates":[[[[112.123,2.198],[112.407,2.155],[112.409,2.082],[112.377,2.049],[112.424,1.992],[112.486,1.979],[112.448,1.883],[112.372,1.859],[112.456,1.795],[112.374,1.739],[112.308,1.744],[112.257,1.696],[112.283,1.663],[112.263,1.64],[112.191,1.68],[112.166,1.743],[112.021,1.82],[112.046,1.869],[111.945,1.954],[111.974,2.089],[112.055,2.086],[112.123,2.198]]]]}},{"type":"Feature","properties":{"state":"Sarawak","parlimen":"P.211 Lanang","code_state":13,"code_parlimen":"P.211"},"geometry":{"type":"MultiPolygon","coordinates":[[[[111.834,2.298],[111.929,2.245],[111.999,2.302],[112.106,2.222],[112.055,2.087],[111.786,2.046],[111.785,2.174],[111.83,2.221],[111.801,2.271],[111.834,2.298]]]]}},{"type":"Feature","properties":{"state":"Sarawak","parlimen":"P.212 Sibu","code_state":13,"code_parlimen":"P.212"},"geometry":{"type":"MultiPolygon","coordinates":[[[[111.802,2.713],[111.933,2.657],[111.939,2.426],[112.008,2.366],[112.004,2.334],[111.951,2.338],[111.951,2.301],[112.018,2.334],[112.062,2.333],[112.039,2.292],[112.121,2.318],[112.157,2.295],[112.127,2.225],[112.071,2.232],[111.999,2.302],[111.929,2.245],[111.822,2.306],[111.801,2.267],[111.83,2.221],[111.766,2.16],[111.694,2.265],[111.647,2.282],[111.612,2.381],[111.723,2.405],[111.766,2.544],[111.762,2.685],[111.802,2.713]]]]}},{"type":"Feature","properties":{"state":"Sarawak","parlimen":"P.213 Mukah","code_state":13,"code_parlimen":"P.213"},"geometry":{"type":"MultiPolygon","coordinates":[[[[112.703,3.049],[112.726,2.996],[112.708,2.891],[112.419,2.902],[112.382,2.796],[112.333,2.762],[112.335,2.566],[112.291,2.566],[112.207,2.472],[112.185,2.512],[112.001,2.515],[111.984,2.543],[111.935,2.499],[111.933,2.657],[111.883,2.657],[111.827,2.715],[111.846,2.744],[111.79,2.812],[111.791,2.843],[111.789,2.865],[112.703,3.049]]]]}},{"type":"Feature","properties":{"state":"Sarawak","parlimen":"P.214 Selangau","code_state":13,"code_parlimen":"P.214"},"geometry":{"type":"MultiPolygon","coordinates":[[[[112.749,3.039],[112.789,2.961],[112.963,3.007],[112.964,2.914],[113.078,2.934],[113.121,2.889],[113.218,2.89],[113.295,2.769],[113.248,2.759],[113.235,2.715],[113.317,2.713],[113.337,2.681],[113.459,2.717],[113.496,2.652],[113.475,2.6],[113.523,2.558],[113.455,2.519],[113.408,2.568],[113.315,2.558],[113.309,2.531],[113.264,2.538],[113.258,2.512],[113.217,2.521],[113.124,2.457],[113.039,2.444],[113.048,2.343],[112.998,2.328],[112.995,2.275],[112.907,2.282],[112.887,2.174],[112.819,2.149],[112.581,2.188],[112.407,2.155],[112.163,2.187],[112.107,2.213],[112.148,2.304],[112.039,2.292],[112.062,2.333],[112.018,2.334],[111.951,2.301],[111.951,2.338],[112.008,2.34],[112.002,2.391],[111.993,2.394],[111.963,2.388],[111.939,2.426],[111.935,2.499],[111.97,2.541],[112.001,2.515],[112.185,2.512],[112.207,2.472],[112.291,2.566],[112.335,2.566],[112.333,2.762],[112.382,2.796],[112.419,2.902],[112.703,2.889],[112.72,3.035],[112.749,3.039]]]]}},{"type":"Feature","properties":{"state":"Sarawak","parlimen":"P.215 Kapit","code_state":13,"code_parlimen":"P.215"},"geometry":{"type":"MultiPolygon","coordinates":[[[[113.27,2.319],[113.252,2.223],[113.302,2.2],[113.297,2.163],[113.128,2.151],[113.177,2.051],[113.148,1.99],[113.228,1.845],[112.99,1.797],[112.892,1.683],[112.866,1.681],[112.852,1.682],[112.913,1.637],[112.84,1.54],[112.495,1.584],[112.427,1.527],[112.313,1.508],[112.199,1.438],[112.03,1.487],[111.996,1.567],[112.063,1.577],[112.062,1.617],[112.145,1.624],[112.164,1.66],[112.208,1.659],[112.197,1.683],[112.263,1.64],[112.283,1.663],[112.257,1.696],[112.308,1.744],[112.374,1.739],[112.456,1.795],[112.372,1.858],[112.448,1.883],[112.488,1.969],[112.377,2.049],[112.409,2.082],[112.41,2.162],[112.581,2.188],[112.819,2.149],[112.887,2.174],[112.912,2.285],[113.114,2.237],[113.206,2.316],[113.27,2.319]]]]}},{"type":"Feature","properties":{"state":"Sarawak","parlimen":"P.216 Hulu Rajang","code_state":13,"code_parlimen":"P.216"},"geometry":{"type":"MultiPolygon","coordinates":[[[[113.978,3.51],[114.007,3.44],[113.963,3.406],[113.99,3.366],[114.035,3.39],[114.072,3.366],[114.044,3.287],[114.137,3.297],[114.195,3.347],[114.326,3.173],[114.314,3.144],[114.254,3.161],[114.331,3.069],[114.398,3.042],[114.427,2.956],[114.499,2.935],[114.54,2.855],[114.614,2.857],[114.671,2.808],[114.648,2.716],[114.784,2.66],[114.858,2.69],[114.949,2.658],[115.053,2.746],[115.067,2.796],[115.133,2.806],[115.136,2.75],[115.089,2.701],[115.115,2.651],[115.082,2.616],[115.107,2.584],[115.172,2.611],[115.245,2.542],[115.242,2.507],[115.198,2.471],[115.138,2.476],[115.094,2.405],[115.047,2.406],[114.992,2.349],[114.956,2.366],[114.96,2.289],[114.911,2.255],[114.81,2.264],[114.781,2.2],[114.735,2.192],[114.734,2.133],[114.816,2.126],[114.787,2.059],[114.803,2.025],[114.881,2.026],[114.844,1.962],[114.876,1.915],[114.813,1.893],[114.788,1.849],[114.712,1.857],[114.688,1.809],[114.703,1.638],[114.604,1.575],[114.61,1.516],[114.559,1.426],[114.399,1.523],[114.199,1.41],[114.136,1.467],[113.968,1.45],[113.815,1.374],[113.797,1.301],[113.697,1.267],[113.656,1.218],[113.613,1.23],[113.577,1.309],[113.493,1.318],[113.415,1.286],[113.322,1.376],[113.138,1.388],[113.099,1.446],[112.969,1.411],[112.976,1.451],[113.035,1.475],[113.057,1.553],[112.917,1.571],[112.897,1.669],[112.852,1.682],[112.866,1.681],[112.892,1.683],[112.99,1.797],[113.228,1.845],[113.148,1.99],[113.177,2.051],[113.128,2.151],[113.185,2.137],[113.221,2.164],[113.246,2.142],[113.297,2.163],[113.302,2.199],[113.252,2.223],[113.27,2.32],[113.206,2.316],[113.114,2.237],[112.995,2.275],[112.998,2.328],[113.055,2.367],[113.039,2.444],[113.124,2.457],[113.217,2.521],[113.258,2.512],[113.264,2.538],[113.309,2.531],[113.314,2.558],[113.408,2.568],[113.455,2.519],[113.523,2.558],[113.475,2.6],[113.496,2.652],[113.459,2.717],[113.497,2.733],[113.542,2.711],[113.525,2.693],[113.64,2.745],[113.698,2.856],[113.706,2.961],[113.658,3.149],[113.518,3.104],[113.435,3.175],[113.54,3.178],[113.536,3.216],[113.6,3.25],[113.577,3.275],[113.621,3.316],[113.684,3.297],[113.725,3.341],[113.735,3.29],[113.776,3.295],[113.843,3.388],[113.868,3.382],[113.877,3.448],[113.945,3.538],[113.978,3.51]]]]}},{"type":"Feature","properties":{"state":"Sarawak","parlimen":"P.217 Bintulu","code_state":13,"code_parlimen":"P.217"},"geometry":{"type":"MultiPolygon","coordinates":[[[[113.656,3.908],[113.672,3.85],[113.636,3.839],[113.673,3.795],[113.707,3.806],[113.763,3.766],[113.841,3.801],[113.996,3.721],[114.035,3.743],[114.041,3.679],[113.983,3.66],[114.024,3.63],[113.991,3.626],[113.998,3.587],[113.969,3.588],[113.877,3.448],[113.868,3.382],[113.843,3.388],[113.791,3.308],[113.735,3.29],[113.725,3.341],[113.684,3.297],[113.621,3.316],[113.577,3.275],[113.6,3.25],[113.536,3.216],[113.54,3.178],[113.435,3.175],[113.518,3.104],[113.661,3.146],[113.704,2.888],[113.64,2.745],[113.525,2.693],[113.542,2.711],[113.492,2.734],[113.336,2.682],[113.317,2.713],[113.235,2.715],[113.248,2.759],[113.295,2.769],[113.218,2.89],[113.121,2.889],[113.078,2.934],[112.964,2.914],[112.963,3.007],[112.789,2.961],[112.76,3.031],[112.696,3.054],[112.897,3.107],[113.026,3.18],[113.056,3.281],[113.272,3.487],[113.428,3.758],[113.656,3.908]]]]}},{"type":"Feature","properties":{"state":"Sarawak","parlimen":"P.218 Sibuti","code_state":13,"code_parlimen":"P.218"},"geometry":{"type":"MultiPolygon","coordinates":[[[[113.99,4.338],[114.058,4.309],[114.023,4.3],[114.049,4.203],[113.959,4.098],[113.993,4.068],[114.014,3.91],[114.085,3.872],[114.048,3.853],[114.04,3.74],[113.996,3.721],[113.841,3.801],[113.763,3.766],[113.707,3.806],[113.673,3.795],[113.636,3.839],[113.674,3.881],[113.636,3.909],[113.99,4.338]]]]}},{"type":"Feature","properties":{"state":"Sarawak","parlimen":"P.219 Miri","code_state":13,"code_parlimen":"P.219"},"geometry":{"type":"MultiPolygon","coordinates":[[[[114.032,4.59],[114.176,4.555],[114.15,4.491],[114.22,4.379],[114.148,4.319],[114.095,4.326],[114.049,4.241],[114.023,4.3],[114.058,4.311],[113.982,4.353],[113.934,4.277],[113.993,4.462],[113.942,4.595],[114.032,4.59]]]]}},{"type":"Feature","properties":{"state":"Sarawak","parlimen":"P.220 Baram","code_state":13,"code_parlimen":"P.220"},"geometry":{"type":"MultiPolygon","coordinates":[[[[114.187,4.543],[114.257,4.503],[114.295,4.432],[114.328,4.348],[114.312,4.262],[114.41,4.253],[114.438,4.279],[114.483,4.148],[114.616,4.032],[114.599,4.005],[114.686,4.026],[114.822,4.145],[114.982,4.09],[115.015,4.114],[115.08,4.1],[115.173,4.005],[115.173,3.943],[115.248,3.889],[115.255,3.836],[115.32,3.822],[115.306,3.787],[115.429,3.809],[115.448,3.788],[115.52,3.911],[115.611,3.875],[115.565,3.649],[115.651,3.439],[115.618,3.408],[115.58,3.45],[115.538,3.364],[115.511,3.203],[115.557,3.15],[115.508,3.109],[115.509,3.056],[115.479,3.019],[115.325,2.975],[115.278,3.048],[115.243,2.966],[115.158,2.928],[115.053,2.746],[114.949,2.658],[114.858,2.69],[114.784,2.66],[114.648,2.716],[114.671,2.808],[114.614,2.857],[114.54,2.855],[114.499,2.935],[114.427,2.956],[114.378,3.065],[114.336,3.065],[114.271,3.136],[114.257,3.17],[114.314,3.144],[114.326,3.173],[114.259,3.283],[114.186,3.348],[114.137,3.297],[114.044,3.287],[114.067,3.381],[113.99,3.366],[113.962,3.406],[114.009,3.47],[113.955,3.545],[113.969,3.588],[113.998,3.587],[113.991,3.626],[114.024,3.63],[113.983,3.66],[114.041,3.679],[114.02,3.707],[114.048,3.853],[114.085,3.872],[114.014,3.91],[113.993,4.068],[113.959,4.098],[114.048,4.203],[114.095,4.326],[114.207,4.353],[114.202,4.432],[114.15,4.491],[114.15,4.515],[114.153,4.537],[114.187,4.543]]]]}},{"type":"Feature","properties":{"state":"Sarawak","parlimen":"P.221 Limbang","code_state":13,"code_parlimen":"P.221"},"geometry":{"type":"MultiPolygon","coordinates":[[[[115.014,4.893],[115.016,4.814],[115.049,4.791],[115.016,4.749],[115.034,4.62],[115.093,4.471],[115.082,4.39],[115.23,4.368],[115.328,4.3],[115.295,4.211],[115.439,4.16],[115.504,4.066],[115.48,3.985],[115.52,3.911],[115.448,3.788],[115.429,3.809],[115.306,3.787],[115.32,3.822],[115.255,3.836],[115.248,3.889],[115.173,3.943],[115.173,4.005],[115.08,4.1],[115.015,4.114],[114.982,4.09],[114.921,4.127],[114.787,4.133],[114.847,4.278],[114.805,4.259],[114.878,4.423],[114.835,4.423],[114.815,4.462],[114.768,4.729],[114.805,4.737],[114.84,4.819],[114.965,4.809],[115.014,4.893]]]]}},{"type":"Feature","properties":{"state":"Sarawak","parlimen":"P.222 Lawas","code_state":13,"code_parlimen":"P.222"},"geometry":{"type":"MultiPolygon","coordinates":[[[[115.575,4.988],[115.633,4.946],[115.663,4.787],[115.549,4.576],[115.583,4.496],[115.563,4.457],[115.59,4.34],[115.659,4.315],[115.674,4.274],[115.631,4.154],[115.671,4.09],[115.643,3.988],[115.559,3.898],[115.504,3.916],[115.504,3.977],[115.48,3.985],[115.504,4.066],[115.459,4.141],[115.334,4.177],[115.286,4.224],[115.357,4.339],[115.267,4.447],[115.283,4.614],[115.25,4.651],[115.231,4.802],[115.143,4.873],[115.189,4.966],[115.317,4.891],[115.376,4.907],[115.414,4.977],[115.503,4.96],[115.575,4.988]]]]}}]}